Chaperone_Name,Chaperone_ID,Target_ID,Source
DJC27_HUMAN,Q9NZQ0,Q9NVQ4,IntAct
DJC27_HUMAN,Q9NZQ0,Q8NB25,IntAct
DJC27_HUMAN,Q9NZQ0,Q8N4N3,IntAct
DJC27_HUMAN,Q9NZQ0,P50579,IntAct
DJC27_HUMAN,Q9NZQ0,Q12800,IntAct
DJC27_HUMAN,Q9NZQ0,Q9BV99,IntAct
DNJ5B_HUMAN,Q9UF47,O95747,IntAct
DNJ5B_HUMAN,Q9UF47,Q15021,IntAct
DNJ5B_HUMAN,Q9UF47,O95407,IntAct
DNJ5B_HUMAN,Q9UF47,Q8IUH5,IntAct
DNJ5B_HUMAN,Q9UF47,Q9Y2U8,IntAct
DNJ5B_HUMAN,Q9UF47,P40938,IntAct
DNJ5B_HUMAN,Q9UF47,Q07065,IntAct
DNJ5B_HUMAN,Q9UF47,Q8IUH4,IntAct
DNJ5B_HUMAN,Q9UF47,Q2TAA5,IntAct
DNJ5B_HUMAN,Q9UF47,P51809,IntAct
DNJ5B_HUMAN,Q9UF47,Q12800,IntAct
DNJ5B_HUMAN,Q9UF47,Q8NEW0,IntAct
DNJ5B_HUMAN,Q9UF47,P13164,IntAct
DNJA1_HUMAN,P31689,P19438,IntAct
DNJA1_HUMAN,P31689,Q16659,IntAct
DNJA1_HUMAN,P31689,P05214,IntAct
DNJA1_HUMAN,P31689,P59020,IntAct
DNJA1_HUMAN,P31689,Q15051,IntAct
DNJA1_HUMAN,P31689,Q9BVQ7,IntAct
DNJA1_HUMAN,P31689,P42898,IntAct
DNJA1_HUMAN,P31689,Q99558,IntAct
DNJA1_HUMAN,P31689,P53671,IntAct
DNJA1_HUMAN,P31689,Q13439,IntAct
DNJA1_HUMAN,P31689,Q9NYJ8,IntAct
DNJA1_HUMAN,P31689,Q9HBG6,IntAct
DNJA1_HUMAN,P31689,Q13617,IntAct
DNJA1_HUMAN,P31689,Q96FW1,IntAct
DNJA1_HUMAN,P31689,P05213,IntAct
DNJA1_HUMAN,P31689,Q6ZMQ8,IntAct
DNJA1_HUMAN,P31689,Q96BE0,IntAct
DNJA1_HUMAN,P31689,Q13882,IntAct
DNJA1_HUMAN,P31689,O15524,IntAct
DNJA1_HUMAN,P31689,P41743,IntAct
DNJA1_HUMAN,P31689,O95831,IntAct
DNJA1_HUMAN,P31689,Q77M19,IntAct
DNJA1_HUMAN,P31689,P83110,IntAct
DNJA1_HUMAN,P31689,Q04206,IntAct
DNJA1_HUMAN,P31689,A0JLT2,IntAct
DNJA1_HUMAN,P31689,Q6IQ23,IntAct
DNJA1_HUMAN,P31689,Q5S007,IntAct
DNJA1_HUMAN,P31689,Q9H074,IntAct
DNJA1_HUMAN,P31689,P0DOE9,IntAct
DNJA1_HUMAN,P31689,Q13164,IntAct
DNJA1_HUMAN,P31689,Q01974,IntAct
DNJA1_HUMAN,P31689,Q05513,IntAct
DNJA1_HUMAN,P31689,Q2TB90,IntAct
DNJA1_HUMAN,P31689,P57078,IntAct
DNJA1_HUMAN,P31689,Q15468,IntAct
DNJA1_HUMAN,P31689,P35240,IntAct
DNJA1_HUMAN,P31689,Q13620,IntAct
DNJA1_HUMAN,P31689,Q14444,IntAct
DNJA1_HUMAN,P31689,P0DTD8,IntAct
DNJA1_HUMAN,P31689,P69905,IntAct
DNJA1_HUMAN,P31689,P09936,IntAct
DNJA1_HUMAN,P31689,Q13163,IntAct
DNJA1_HUMAN,P31689,Q99576,IntAct
DNJA1_HUMAN,P31689,Q13509,IntAct
DNJA1_HUMAN,P31689,Q9HCK5,IntAct
DNJA1_HUMAN,P31689,Q9Y4K3,IntAct
DNJA1_HUMAN,P31689,P69479,IntAct
DNJA1_HUMAN,P31689,P0DTC3,IntAct
DNJA1_HUMAN,P31689,Q14684,IntAct
DNJA1_HUMAN,P31689,P13569,IntAct
DNJA1_HUMAN,P31689,Q5JTY5,IntAct
DNJA1_HUMAN,P31689,Q9UBN7,IntAct
DNJA1_HUMAN,P31689,Q12933,IntAct
DNJA1_HUMAN,P31689,Q15750,IntAct
DNJA1_HUMAN,P31689,P35226,IntAct
DNJA1_HUMAN,P31689,P09622,IntAct
DNJA1_HUMAN,P31689,P04626,IntAct
DNJA1_HUMAN,P31689,O75161,IntAct
DNJA1_HUMAN,P31689,P10636,IntAct
DNJA1_HUMAN,P31689,Q9HC29,IntAct
DNJA1_HUMAN,P31689,Q8WW22,IntAct
DNJA1_HUMAN,P31689,Q14CZ7,IntAct
DNJA1_HUMAN,P31689,Q9Y281,IntAct
DNJA1_HUMAN,P31689,Q93034,IntAct
DNJA1_HUMAN,P31689,Q9Z1B5,IntAct
DNJA1_HUMAN,P31689,P03372,IntAct
DNJA1_HUMAN,P31689,Q16526,IntAct
DNJA1_HUMAN,P31689,Q9BXK1,IntAct
DNJA1_HUMAN,P31689,Q9NXB0,IntAct
DNJA1_HUMAN,P31689,P31930,IntAct
DNJA1_HUMAN,P31689,Q15628,IntAct
DNJA1_HUMAN,P31689,Q9BY44,IntAct
DNJA1_HUMAN,P31689,P83887,IntAct
DNJA1_HUMAN,P31689,P52298,IntAct
DNJA1_HUMAN,P31689,Q8NB90,IntAct
DNJA1_HUMAN,P31689,Q15334,IntAct
DNJA1_HUMAN,P31689,P06213,IntAct
DNJA1_HUMAN,P31689,Q96SU4,IntAct
DNJA1_HUMAN,P31689,P07900,IntAct
DNJA1_HUMAN,P31689,Q9Y2Q3,IntAct
DNJA1_HUMAN,P31689,O75533,IntAct
DNJA1_HUMAN,P31689,Q13043,IntAct
DNJA1_HUMAN,P31689,Q969S8,IntAct
DNJA1_HUMAN,P31689,O75665,IntAct
DNJA1_HUMAN,P31689,P0DTC8,IntAct
DNJA1_HUMAN,P31689,O43318,IntAct
DNJA1_HUMAN,P31689,P35916,IntAct
DNJA1_HUMAN,P31689,Q9NPF4,IntAct
DNJA1_HUMAN,P31689,Q71U36,IntAct
DNJA1_HUMAN,P31689,P41240,IntAct
DNJA1_HUMAN,P31689,Q13077,IntAct
DNJA1_HUMAN,P31689,P04637,IntAct
DNJA1_HUMAN,P31689,P01889,IntAct
DNJA1_HUMAN,P31689,Q8IVT5,IntAct
DNJA1_HUMAN,P31689,P49703,IntAct
DNJA1_HUMAN,P31689,Q06418,IntAct
DNJA1_HUMAN,P31689,Q13042,IntAct
DNJA1_HUMAN,P31689,Q9H492,IntAct
DNJA1_HUMAN,P31689,O95714,IntAct
DNJA1_HUMAN,P31689,P15498,IntAct
DNJA1_HUMAN,P31689,Q8TB24,IntAct
DNJA1_HUMAN,P31689,Q9Y287,IntAct
DNJA1_HUMAN,P31689,P11362,IntAct
DNJA1_HUMAN,P31689,Q14249,IntAct
DNJA1_HUMAN,P31689,O95166,IntAct
DNJA1_HUMAN,P31689,P46734,IntAct
DNJA1_HUMAN,P31689,Q13233,IntAct
DNJA1_HUMAN,P31689,Q9Y251,IntAct
DNJA1_HUMAN,P31689,Q9UBP0,IntAct
DNJA1_HUMAN,P31689,P04629,IntAct
DNJA1_HUMAN,P31689,O75940,IntAct
DNJA1_HUMAN,P31689,Q16288,IntAct
DNJA1_HUMAN,P31689,Q02156,IntAct
DNJA1_HUMAN,P31689,P22612,IntAct
DNJA1_HUMAN,P31689,P49354,IntAct
DNJA1_HUMAN,P31689,Q15054,IntAct
DNJA1_HUMAN,P31689,Q4G0J3,IntAct
DNJA1_HUMAN,P31689,Q9UM11,IntAct
DNJA1_HUMAN,P31689,P60520,IntAct
DNJA1_HUMAN,P31689,P03427,IntAct
DNJA1_HUMAN,P31689,P19256,IntAct
DNJA1_HUMAN,P31689,Q6ZNJ1,IntAct
DNJA1_HUMAN,P31689,O75365,IntAct
DNJA1_HUMAN,P31689,Q13153,IntAct
DNJA1_HUMAN,P31689,O14649,IntAct
DNJA1_HUMAN,P31689,Q9H9G7,IntAct
DNJA1_HUMAN,P31689,P10398,IntAct
DNJA1_HUMAN,P31689,Q9P2S5,IntAct
DNJA1_HUMAN,P31689,P61586,IntAct
DNJA1_HUMAN,P31689,P20333,IntAct
DNJA1_HUMAN,P31689,A0A142I5B9,IntAct
DNJA1_HUMAN,P31689,Q8JPQ9,IntAct
DNJA1_HUMAN,P31689,Q9Y266,IntAct
DNJA1_HUMAN,P31689,O60260,IntAct
DNJA1_HUMAN,P31689,P08069,IntAct
DNJA1_HUMAN,P31689,P15822,IntAct
DNJA1_HUMAN,P31689,Q00653,IntAct
DNJA1_HUMAN,P31689,Q99759,IntAct
DNJA1_HUMAN,P31689,O14829,IntAct
DNJA1_HUMAN,P31689,Q9H9B4,IntAct
DNJA1_HUMAN,P31689,P33151,IntAct
DNJA1_HUMAN,P31689,Q15077,IntAct
DNJA1_HUMAN,P31689,P30530,IntAct
DNJA1_HUMAN,P31689,P68871,IntAct
DNJA1_HUMAN,P31689,P21860,IntAct
DNJA1_HUMAN,P31689,Q92956,IntAct
DNJA1_HUMAN,P31689,Q9BXB4,IntAct
DNJA1_HUMAN,P31689,P35550,IntAct
DNJA1_HUMAN,P31689,P57058,IntAct
DNJA1_HUMAN,P31689,O60741,IntAct
DNJA1_HUMAN,P31689,O00422,IntAct
DNJA1_HUMAN,P31689,P0DTD1,IntAct
DNJA1_HUMAN,P31689,Q13546,IntAct
DNJA1_HUMAN,P31689,Q9Y333,IntAct
DNJA1_HUMAN,P31689,Q7Z6J6,IntAct
DNJA1_HUMAN,P31689,Q8N302,IntAct
DNJA1_HUMAN,P31689,Q8IXH7,IntAct
DNJA1_HUMAN,P31689,Q9HB71,IntAct
DNJA1_HUMAN,P31689,P42858,IntAct
DNJA1_HUMAN,P31689,O00429,IntAct
DNJA1_HUMAN,P31689,O43542,IntAct
DNJA1_HUMAN,P31689,P00533,IntAct
DNJA1_HUMAN,P31689,Q4JQW6,IntAct
DNJA1_HUMAN,P31689,O60884,IntAct
DNJA1_HUMAN,P31689,Q9C0F1,IntAct
DNJA1_HUMAN,P31689,Q9BQE3,IntAct
DNJA1_HUMAN,P31689,P06239,IntAct
DNJA1_HUMAN,P31689,Q92834,IntAct
DNJA1_HUMAN,P31689,Q9NX70,IntAct
DNJA1_HUMAN,P31689,Q96CS3,IntAct
DNJA1_HUMAN,P31689,Q13618,IntAct
DNJA1_HUMAN,P31689,Q9H1R3,IntAct
DNJA1_HUMAN,P31689,P05129,IntAct
DNJA1_HUMAN,P31689,Q13418,IntAct
DNJA1_HUMAN,P31689,P08559,IntAct
DNJA1_HUMAN,P31689,Q96DB2,IntAct
DNJA1_HUMAN,P31689,P23396,IntAct
DNJA1_HUMAN,P31689,P0DOF2,IntAct
DNJA1_HUMAN,P31689,Q9Y572,IntAct
DNJA1_HUMAN,P31689,P68372,IntAct
DNJA1_HUMAN,P31689,P26196,IntAct
DNJA1_HUMAN,P31689,P30408,IntAct
DNJA1_HUMAN,P31689,Q92905,IntAct
DNJA1_HUMAN,P31689,P49023,IntAct
DNJA1_HUMAN,P31689,P60842,IntAct
DNJA1_HUMAN,P31689,P19419,IntAct
DNJA1_HUMAN,P31689,P99024,IntAct
DNJA1_HUMAN,P31689,Q9Y2T4,IntAct
DNJA1_HUMAN,P31689,P51617,IntAct
DNJA1_HUMAN,P31689,P04049,IntAct
DNJA1_HUMAN,P31689,Q92769,IntAct
DNJA1_HUMAN,P31689,P36507,IntAct
DNJA1_HUMAN,P31689,Q13616,IntAct
DNJA2_HUMAN,O60884,Q8NI36,IntAct
DNJA2_HUMAN,O60884,Q16659,IntAct
DNJA2_HUMAN,O60884,P05214,IntAct
DNJA2_HUMAN,O60884,Q9Y597,IntAct
DNJA2_HUMAN,O60884,Q9NRY4,IntAct
DNJA2_HUMAN,O60884,Q5QP82,IntAct
DNJA2_HUMAN,O60884,P62805,IntAct
DNJA2_HUMAN,O60884,Q9BRT8,IntAct
DNJA2_HUMAN,O60884,O95819,IntAct
DNJA2_HUMAN,O60884,Q99755,IntAct
DNJA2_HUMAN,O60884,Q8TCG2,IntAct
DNJA2_HUMAN,O60884,P51957,IntAct
DNJA2_HUMAN,O60884,Q9BVQ7,IntAct
DNJA2_HUMAN,O60884,P84022,IntAct
DNJA2_HUMAN,O60884,P42898,IntAct
DNJA2_HUMAN,O60884,P53671,IntAct
DNJA2_HUMAN,O60884,Q8TBC3,IntAct
DNJA2_HUMAN,O60884,Q96S52,IntAct
DNJA2_HUMAN,O60884,Q69YN2,IntAct
DNJA2_HUMAN,O60884,Q00587,IntAct
DNJA2_HUMAN,O60884,Q9HBG6,IntAct
DNJA2_HUMAN,O60884,O60294,IntAct
DNJA2_HUMAN,O60884,Q32P44,IntAct
DNJA2_HUMAN,O60884,Q9Y2Z2,IntAct
DNJA2_HUMAN,O60884,Q96BE0,IntAct
DNJA2_HUMAN,O60884,Q13882,IntAct
DNJA2_HUMAN,O60884,P41743,IntAct
DNJA2_HUMAN,O60884,Q7Z6Z7,IntAct
DNJA2_HUMAN,O60884,Q77M19,IntAct
DNJA2_HUMAN,O60884,Q96FC9,IntAct
DNJA2_HUMAN,O60884,Q02750,IntAct
DNJA2_HUMAN,O60884,Q96EF0,IntAct
DNJA2_HUMAN,O60884,P0DTC7,IntAct
DNJA2_HUMAN,O60884,Q96MH7,IntAct
DNJA2_HUMAN,O60884,Q9NZC9,IntAct
DNJA2_HUMAN,O60884,Q8WVS4,IntAct
DNJA2_HUMAN,O60884,Q6IQ23,IntAct
DNJA2_HUMAN,O60884,Q5S007,IntAct
DNJA2_HUMAN,O60884,Q8NBA8,IntAct
DNJA2_HUMAN,O60884,Q5FWF4,IntAct
DNJA2_HUMAN,O60884,Q9H074,IntAct
DNJA2_HUMAN,O60884,Q8NHV4,IntAct
DNJA2_HUMAN,O60884,P0DOE9,IntAct
DNJA2_HUMAN,O60884,Q9H9T3,IntAct
DNJA2_HUMAN,O60884,Q9BV44,IntAct
DNJA2_HUMAN,O60884,Q8TEQ6,IntAct
DNJA2_HUMAN,O60884,Q92466,IntAct
DNJA2_HUMAN,O60884,Q05513,IntAct
DNJA2_HUMAN,O60884,Q9UM73,IntAct
DNJA2_HUMAN,O60884,P57078,IntAct
DNJA2_HUMAN,O60884,P68366,IntAct
DNJA2_HUMAN,O60884,O00391,IntAct
DNJA2_HUMAN,O60884,Q9P2E3,IntAct
DNJA2_HUMAN,O60884,P35240,IntAct
DNJA2_HUMAN,O60884,Q8NDL9,IntAct
DNJA2_HUMAN,O60884,Q53HC5,IntAct
DNJA2_HUMAN,O60884,Q5THK1,IntAct
DNJA2_HUMAN,O60884,Q9P2G9,IntAct
DNJA2_HUMAN,O60884,O60508,IntAct
DNJA2_HUMAN,O60884,Q14444,IntAct
DNJA2_HUMAN,O60884,Q9H4M9,IntAct
DNJA2_HUMAN,O60884,P54198,IntAct
DNJA2_HUMAN,O60884,P09913,IntAct
DNJA2_HUMAN,O60884,P09936,IntAct
DNJA2_HUMAN,O60884,Q6PJI9,IntAct
DNJA2_HUMAN,O60884,Q13509,IntAct
DNJA2_HUMAN,O60884,Q8N0Z8,IntAct
DNJA2_HUMAN,O60884,Q13163,IntAct
DNJA2_HUMAN,O60884,Q53T94,IntAct
DNJA2_HUMAN,O60884,Q5XUX1,IntAct
DNJA2_HUMAN,O60884,Q14592,IntAct
DNJA2_HUMAN,O60884,Q9HCK5,IntAct
DNJA2_HUMAN,O60884,P0DTC3,IntAct
DNJA2_HUMAN,O60884,P69479,IntAct
DNJA2_HUMAN,O60884,P13569,IntAct
DNJA2_HUMAN,O60884,Q96EK7,IntAct
DNJA2_HUMAN,O60884,Q15572,IntAct
DNJA2_HUMAN,O60884,Q9UK39,IntAct
DNJA2_HUMAN,O60884,Q6Q0C0,IntAct
DNJA2_HUMAN,O60884,Q8NBT0,IntAct
DNJA2_HUMAN,O60884,P09622,IntAct
DNJA2_HUMAN,O60884,P04626,IntAct
DNJA2_HUMAN,O60884,O75161,IntAct
DNJA2_HUMAN,O60884,P10636,IntAct
DNJA2_HUMAN,O60884,Q7Z4G4,IntAct
DNJA2_HUMAN,O60884,Q969U6,IntAct
DNJA2_HUMAN,O60884,Q9NNW5,IntAct
DNJA2_HUMAN,O60884,Q8WW22,IntAct
DNJA2_HUMAN,O60884,O94955,IntAct
DNJA2_HUMAN,O60884,Q8IZ69,IntAct
DNJA2_HUMAN,O60884,Q9Y281,IntAct
DNJA2_HUMAN,O60884,Q5SVS4,IntAct
DNJA2_HUMAN,O60884,P07197,IntAct
DNJA2_HUMAN,O60884,Q96GM8,IntAct
DNJA2_HUMAN,O60884,Q2NKJ3,IntAct
DNJA2_HUMAN,O60884,Q6IA86,IntAct
DNJA2_HUMAN,O60884,Q9BXK1,IntAct
DNJA2_HUMAN,O60884,A4D1U4,IntAct
DNJA2_HUMAN,O60884,Q9NXB0,IntAct
DNJA2_HUMAN,O60884,P16260,IntAct
DNJA2_HUMAN,O60884,P62993,IntAct
DNJA2_HUMAN,O60884,P83887,IntAct
DNJA2_HUMAN,O60884,Q9BY44,IntAct
DNJA2_HUMAN,O60884,P43353,IntAct
DNJA2_HUMAN,O60884,Q14147,IntAct
DNJA2_HUMAN,O60884,Q9H5Z1,IntAct
DNJA2_HUMAN,O60884,Q8TCY9,IntAct
DNJA2_HUMAN,O60884,Q8NB90,IntAct
DNJA2_HUMAN,O60884,Q923W1,IntAct
DNJA2_HUMAN,O60884,Q15334,IntAct
DNJA2_HUMAN,O60884,P36507,IntAct
DNJA2_HUMAN,O60884,Q505B8,IntAct
DNJA2_HUMAN,O60884,P06213,IntAct
DNJA2_HUMAN,O60884,Q8NCD3,IntAct
DNJA2_HUMAN,O60884,P09668,IntAct
DNJA2_HUMAN,O60884,P07900,IntAct
DNJA2_HUMAN,O60884,O43379,IntAct
DNJA2_HUMAN,O60884,Q9UG56,IntAct
DNJA2_HUMAN,O60884,Q12834,IntAct
DNJA2_HUMAN,O60884,Q5SY16,IntAct
DNJA2_HUMAN,O60884,Q4JQW3,IntAct
DNJA2_HUMAN,O60884,P22830,IntAct
DNJA2_HUMAN,O60884,P0DTC8,IntAct
DNJA2_HUMAN,O60884,Q8NB91,IntAct
DNJA2_HUMAN,O60884,Q96IC2,IntAct
DNJA2_HUMAN,O60884,Q71U36,IntAct
DNJA2_HUMAN,O60884,Q9NZJ0,IntAct
DNJA2_HUMAN,O60884,Q8NEZ3,IntAct
DNJA2_HUMAN,O60884,Q9Y484,IntAct
DNJA2_HUMAN,O60884,P04637,IntAct
DNJA2_HUMAN,O60884,Q8IVT5,IntAct
DNJA2_HUMAN,O60884,Q6PCD5,IntAct
DNJA2_HUMAN,O60884,Q9NVR0,IntAct
DNJA2_HUMAN,O60884,Q9Y450,IntAct
DNJA2_HUMAN,O60884,P01106,IntAct
DNJA2_HUMAN,O60884,P15498,IntAct
DNJA2_HUMAN,O60884,Q92802,IntAct
DNJA2_HUMAN,O60884,Q8TB24,IntAct
DNJA2_HUMAN,O60884,Q13885,IntAct
DNJA2_HUMAN,O60884,Q9BSJ5,IntAct
DNJA2_HUMAN,O60884,P11362,IntAct
DNJA2_HUMAN,O60884,Q14249,IntAct
DNJA2_HUMAN,O60884,Q9NV06,IntAct
DNJA2_HUMAN,O60884,P46734,IntAct
DNJA2_HUMAN,O60884,Q9Y251,IntAct
DNJA2_HUMAN,O60884,Q96I59,IntAct
DNJA2_HUMAN,O60884,P04629,IntAct
DNJA2_HUMAN,O60884,Q16288,IntAct
DNJA2_HUMAN,O60884,O95707,IntAct
DNJA2_HUMAN,O60884,Q8WUA4,IntAct
DNJA2_HUMAN,O60884,Q9UG01,IntAct
DNJA2_HUMAN,O60884,P22612,IntAct
DNJA2_HUMAN,O60884,O75419,IntAct
DNJA2_HUMAN,O60884,P59633,IntAct
DNJA2_HUMAN,O60884,Q9BUK6,IntAct
DNJA2_HUMAN,O60884,Q01968,IntAct
DNJA2_HUMAN,O60884,Q15811,IntAct
DNJA2_HUMAN,O60884,P03427,IntAct
DNJA2_HUMAN,O60884,P54098,IntAct
DNJA2_HUMAN,O60884,Q96HI0,IntAct
DNJA2_HUMAN,O60884,Q6ZNJ1,IntAct
DNJA2_HUMAN,O60884,Q96P20,IntAct
DNJA2_HUMAN,O60884,Q13153,IntAct
DNJA2_HUMAN,O60884,O14649,IntAct
DNJA2_HUMAN,O60884,P10398,IntAct
DNJA2_HUMAN,O60884,Q9P2S5,IntAct
DNJA2_HUMAN,O60884,Q9Y4C2,IntAct
DNJA2_HUMAN,O60884,O14654,IntAct
DNJA2_HUMAN,O60884,P63172,IntAct
DNJA2_HUMAN,O60884,A0A142I5B9,IntAct
DNJA2_HUMAN,O60884,Q8JPQ9,IntAct
DNJA2_HUMAN,O60884,Q9H1I8,IntAct
DNJA2_HUMAN,O60884,Q9NVH6,IntAct
DNJA2_HUMAN,O60884,Q9Y266,IntAct
DNJA2_HUMAN,O60884,P08069,IntAct
DNJA2_HUMAN,O60884,Q9UPZ3,IntAct
DNJA2_HUMAN,O60884,O14976,IntAct
DNJA2_HUMAN,O60884,Q9BY84,IntAct
DNJA2_HUMAN,O60884,P33151,IntAct
DNJA2_HUMAN,O60884,Q06787,IntAct
DNJA2_HUMAN,O60884,Q9H4B7,IntAct
DNJA2_HUMAN,O60884,Q9H9B4,IntAct
DNJA2_HUMAN,O60884,Q15077,IntAct
DNJA2_HUMAN,O60884,P30530,IntAct
DNJA2_HUMAN,O60884,Q9C0B7,IntAct
DNJA2_HUMAN,O60884,P29353,IntAct
DNJA2_HUMAN,O60884,Q9D7K2,IntAct
DNJA2_HUMAN,O60884,Q9BUR4,IntAct
DNJA2_HUMAN,O60884,P35869,IntAct
DNJA2_HUMAN,O60884,O75746,IntAct
DNJA2_HUMAN,O60884,Q6EMB2,IntAct
DNJA2_HUMAN,O60884,Q1EHW4,IntAct
DNJA2_HUMAN,O60884,O43542,IntAct
DNJA2_HUMAN,O60884,P00533,IntAct
DNJA2_HUMAN,O60884,Q8N3C0,IntAct
DNJA2_HUMAN,O60884,Q4JQW6,IntAct
DNJA2_HUMAN,O60884,P51530,IntAct
DNJA2_HUMAN,O60884,Q4ZG55,IntAct
DNJA2_HUMAN,O60884,Q13547,IntAct
DNJA2_HUMAN,O60884,Q9H967,IntAct
DNJA2_HUMAN,O60884,Q9BZL6,IntAct
DNJA2_HUMAN,O60884,Q9BQE3,IntAct
DNJA2_HUMAN,O60884,O60469,IntAct
DNJA2_HUMAN,O60884,P22455,IntAct
DNJA2_HUMAN,O60884,Q13618,IntAct
DNJA2_HUMAN,O60884,Q15796,IntAct
DNJA2_HUMAN,O60884,Q9H223,IntAct
DNJA2_HUMAN,O60884,Q12788,IntAct
DNJA2_HUMAN,O60884,Q9H1R3,IntAct
DNJA2_HUMAN,O60884,Q8IWF6,IntAct
DNJA2_HUMAN,O60884,Q9BWM7,IntAct
DNJA2_HUMAN,O60884,Q86V97,IntAct
DNJA2_HUMAN,O60884,Q9UFC0,IntAct
DNJA2_HUMAN,O60884,Q0P651,IntAct
DNJA2_HUMAN,O60884,Q9CWW7,IntAct
DNJA2_HUMAN,O60884,Q6NSI4,IntAct
DNJA2_HUMAN,O60884,Q8IWL3,IntAct
DNJA2_HUMAN,O60884,P31689,IntAct
DNJA2_HUMAN,O60884,Q05BV3,IntAct
DNJA2_HUMAN,O60884,Q9H6U6,IntAct
DNJA2_HUMAN,O60884,Q9GZQ8,IntAct
DNJA2_HUMAN,O60884,P46013,IntAct
DNJA2_HUMAN,O60884,Q13418,IntAct
DNJA2_HUMAN,O60884,P08559,IntAct
DNJA2_HUMAN,O60884,Q4G176,IntAct
DNJA2_HUMAN,O60884,Q9Y6N5,IntAct
DNJA2_HUMAN,O60884,P07949,IntAct
DNJA2_HUMAN,O60884,P0DOF2,IntAct
DNJA2_HUMAN,O60884,Q8TD19,IntAct
DNJA2_HUMAN,O60884,Q96DB2,IntAct
DNJA2_HUMAN,O60884,Q3ZCM7,IntAct
DNJA2_HUMAN,O60884,P68372,IntAct
DNJA2_HUMAN,O60884,Q92905,IntAct
DNJA2_HUMAN,O60884,Q8WV16,IntAct
DNJA2_HUMAN,O60884,Q9UNY4,IntAct
DNJA2_HUMAN,O60884,Q6P1M3,IntAct
DNJA2_HUMAN,O60884,P60842,IntAct
DNJA2_HUMAN,O60884,P19419,IntAct
DNJA2_HUMAN,O60884,O14939,IntAct
DNJA2_HUMAN,O60884,P99024,IntAct
DNJA2_HUMAN,O60884,P19447,IntAct
DNJA2_HUMAN,O60884,Q9P2K8,IntAct
DNJA2_HUMAN,O60884,P51617,IntAct
DNJA2_HUMAN,O60884,P04049,IntAct
DNJA2_HUMAN,O60884,Q14689,IntAct
DNJA2_HUMAN,O60884,P62829,IntAct
DNJA2_HUMAN,O60884,Q13363,IntAct
DNJA2_HUMAN,O60884,Q13033,IntAct
DNJA2_HUMAN,O60884,O75807,IntAct
DNJA3_HUMAN,Q96EY1,P19438,IntAct
DNJA3_HUMAN,Q96EY1,Q16659,IntAct
DNJA3_HUMAN,Q96EY1,P60953,IntAct
DNJA3_HUMAN,Q96EY1,Q9Y2D8,IntAct
DNJA3_HUMAN,Q96EY1,P10809,IntAct
DNJA3_HUMAN,Q96EY1,P24158,IntAct
DNJA3_HUMAN,Q96EY1,Q9BVQ7,IntAct
DNJA3_HUMAN,Q96EY1,Q969Z0,IntAct
DNJA3_HUMAN,Q96EY1,Q99558,IntAct
DNJA3_HUMAN,Q96EY1,Q9Y242,IntAct
DNJA3_HUMAN,Q96EY1,P08581,IntAct
DNJA3_HUMAN,Q96EY1,Q15256,IntAct
DNJA3_HUMAN,Q96EY1,Q9UHD4,IntAct
DNJA3_HUMAN,Q96EY1,Q6ZMQ8,IntAct
DNJA3_HUMAN,Q96EY1,P51692,IntAct
DNJA3_HUMAN,Q96EY1,Q676U5,IntAct
DNJA3_HUMAN,Q96EY1,O75164,IntAct
DNJA3_HUMAN,Q96EY1,Q77M19,IntAct
DNJA3_HUMAN,Q96EY1,P54253,IntAct
DNJA3_HUMAN,Q96EY1,P83110,IntAct
DNJA3_HUMAN,Q96EY1,Q7L5A3,IntAct
DNJA3_HUMAN,Q96EY1,Q04206,IntAct
DNJA3_HUMAN,Q96EY1,P0DTC7,IntAct
DNJA3_HUMAN,Q96EY1,P29376,IntAct
DNJA3_HUMAN,Q96EY1,P57078,IntAct
DNJA3_HUMAN,Q96EY1,Q96HA8,IntAct
DNJA3_HUMAN,Q96EY1,Q7TSJ6,IntAct
DNJA3_HUMAN,Q96EY1,P06241,IntAct
DNJA3_HUMAN,Q96EY1,Q9NYY8,IntAct
DNJA3_HUMAN,Q96EY1,O43504,IntAct
DNJA3_HUMAN,Q96EY1,Q96AQ9,IntAct
DNJA3_HUMAN,Q96EY1,Q13509,IntAct
DNJA3_HUMAN,Q96EY1,P22607,IntAct
DNJA3_HUMAN,Q96EY1,P43250,IntAct
DNJA3_HUMAN,Q96EY1,O14880,IntAct
DNJA3_HUMAN,Q96EY1,P13569,IntAct
DNJA3_HUMAN,Q96EY1,P69479,IntAct
DNJA3_HUMAN,Q96EY1,P35226,IntAct
DNJA3_HUMAN,Q96EY1,P04626,IntAct
DNJA3_HUMAN,Q96EY1,O75161,IntAct
DNJA3_HUMAN,Q96EY1,Q93009,IntAct
DNJA3_HUMAN,Q96EY1,Q93034,IntAct
DNJA3_HUMAN,Q96EY1,P26447,IntAct
DNJA3_HUMAN,Q96EY1,P62993,IntAct
DNJA3_HUMAN,Q96EY1,Q4JQX1,IntAct
DNJA3_HUMAN,Q96EY1,Q9BVS5,IntAct
DNJA3_HUMAN,Q96EY1,P06213,IntAct
DNJA3_HUMAN,Q96EY1,Q4JQW3,IntAct
DNJA3_HUMAN,Q96EY1,Q9UGI9,IntAct
DNJA3_HUMAN,Q96EY1,P35916,IntAct
DNJA3_HUMAN,Q96EY1,Q71U36,IntAct
DNJA3_HUMAN,Q96EY1,Q8IYB8,IntAct
DNJA3_HUMAN,Q96EY1,P97470,IntAct
DNJA3_HUMAN,Q96EY1,P01106,IntAct
DNJA3_HUMAN,Q96EY1,Q9Y287,IntAct
DNJA3_HUMAN,Q96EY1,Q5TB80,IntAct
DNJA3_HUMAN,Q96EY1,P11362,IntAct
DNJA3_HUMAN,Q96EY1,P42224,IntAct
DNJA3_HUMAN,Q96EY1,Q13233,IntAct
DNJA3_HUMAN,Q96EY1,P04629,IntAct
DNJA3_HUMAN,Q96EY1,P52333,IntAct
DNJA3_HUMAN,Q96EY1,Q9NRM7,IntAct
DNJA3_HUMAN,Q96EY1,Q16288,IntAct
DNJA3_HUMAN,Q96EY1,Q5VTD9,IntAct
DNJA3_HUMAN,Q96EY1,P22612,IntAct
DNJA3_HUMAN,Q96EY1,Q6P5Z2,IntAct
DNJA3_HUMAN,Q96EY1,Q15054,IntAct
DNJA3_HUMAN,Q96EY1,P03427,IntAct
DNJA3_HUMAN,Q96EY1,P05981,IntAct
DNJA3_HUMAN,Q96EY1,Q9Z2X1,IntAct
DNJA3_HUMAN,Q96EY1,O43557,IntAct
DNJA3_HUMAN,Q96EY1,P80192,IntAct
DNJA3_HUMAN,Q96EY1,O14654,IntAct
DNJA3_HUMAN,Q96EY1,P20333,IntAct
DNJA3_HUMAN,Q96EY1,Q8JPQ9,IntAct
DNJA3_HUMAN,Q96EY1,O15209,IntAct
DNJA3_HUMAN,Q96EY1,P08069,IntAct
DNJA3_HUMAN,Q96EY1,A8MQ03,IntAct
DNJA3_HUMAN,Q96EY1,Q00653,IntAct
DNJA3_HUMAN,Q96EY1,Q99759,IntAct
DNJA3_HUMAN,Q96EY1,O14829,IntAct
DNJA3_HUMAN,Q96EY1,O75152,IntAct
DNJA3_HUMAN,Q96EY1,P42232,IntAct
DNJA3_HUMAN,Q96EY1,Q9Y5J5,IntAct
DNJA3_HUMAN,Q96EY1,Q9UI38,IntAct
DNJA3_HUMAN,Q96EY1,P08311,IntAct
DNJA3_HUMAN,Q96EY1,Q96QS6,IntAct
DNJA3_HUMAN,Q96EY1,P42858,IntAct
DNJA3_HUMAN,Q96EY1,P00533,IntAct
DNJA3_HUMAN,Q96EY1,P42225,IntAct
DNJA3_HUMAN,Q96EY1,P38432,IntAct
DNJA3_HUMAN,Q96EY1,Q13618,IntAct
DNJA3_HUMAN,Q96EY1,Q6UWJ1,IntAct
DNJA3_HUMAN,Q96EY1,P36888,IntAct
DNJA3_HUMAN,Q96EY1,Q13418,IntAct
DNJA3_HUMAN,Q96EY1,Q96DB2,IntAct
DNJA3_HUMAN,Q96EY1,P0DOF2,IntAct
DNJA3_HUMAN,Q96EY1,P26196,IntAct
DNJA3_HUMAN,Q96EY1,Q92918,IntAct
DNJA3_HUMAN,Q96EY1,P06748,IntAct
DNJA3_HUMAN,Q96EY1,P51617,IntAct
DNJA3_HUMAN,Q96EY1,Q9NWT8,IntAct
DNJA3_HUMAN,Q96EY1,P36507,IntAct
DNJA3_HUMAN,Q96EY1,P22455,IntAct
DNJA4_HUMAN,Q8WW22,P46379,IntAct
DNJA4_HUMAN,Q8WW22,Q3ZCQ8,IntAct
DNJA4_HUMAN,Q8WW22,Q6IAW5,IntAct
DNJA4_HUMAN,Q8WW22,Q14249,IntAct
DNJA4_HUMAN,Q8WW22,P04350,IntAct
DNJA4_HUMAN,Q8WW22,Q9BVQ7,IntAct
DNJA4_HUMAN,Q8WW22,Q9Y251,IntAct
DNJA4_HUMAN,Q8WW22,P60891,IntAct
DNJA4_HUMAN,Q8WW22,O60884,IntAct
DNJA4_HUMAN,Q8WW22,P10636,IntAct
DNJA4_HUMAN,Q8WW22,Q9P0V3,IntAct
DNJA4_HUMAN,Q8WW22,P07437,IntAct
DNJA4_HUMAN,Q8WW22,O60506,IntAct
DNJA4_HUMAN,Q8WW22,Q96GX1,IntAct
DNJA4_HUMAN,Q8WW22,Q6NSJ0,IntAct
DNJA4_HUMAN,Q8WW22,Q6NSI4,IntAct
DNJA4_HUMAN,Q8WW22,Q13015,IntAct
DNJA4_HUMAN,Q8WW22,P31689,IntAct
DNJA4_HUMAN,Q8WW22,Q676U5,IntAct
DNJA4_HUMAN,Q8WW22,Q96EQ0,IntAct
DNJA4_HUMAN,Q8WW22,Q77M19,IntAct
DNJA4_HUMAN,Q8WW22,Q6P5F9,IntAct
DNJA4_HUMAN,Q8WW22,Q8NB90,IntAct
DNJA4_HUMAN,Q8WW22,O43653,IntAct
DNJA4_HUMAN,Q8WW22,P99024,IntAct
DNJA4_HUMAN,Q8WW22,Q9BTE6,IntAct
DNJA4_HUMAN,Q8WW22,P57078,IntAct
DNJA4_HUMAN,Q8WW22,Q99523,IntAct
DNJA4_HUMAN,Q8WW22,Q71U36,IntAct
DNJA4_HUMAN,Q8WW22,Q9BUF5,IntAct
DNJA4_HUMAN,Q8WW22,Q9Y5Y3,IntAct
DNJB1_HUMAN,P25685,P13541,IntAct
DNJB1_HUMAN,P25685,Q03721,IntAct
DNJB1_HUMAN,P25685,Q61699,IntAct
DNJB1_HUMAN,P25685,Q99570,IntAct
DNJB1_HUMAN,P25685,Q9UDY4,IntAct
DNJB1_HUMAN,P25685,P51957,IntAct
DNJB1_HUMAN,P25685,P31749,IntAct
DNJB1_HUMAN,P25685,Q15785,IntAct
DNJB1_HUMAN,P25685,P53671,IntAct
DNJB1_HUMAN,P25685,Q19QW5,IntAct
DNJB1_HUMAN,P25685,Q96PU8,IntAct
DNJB1_HUMAN,P25685,P10619,IntAct
DNJB1_HUMAN,P25685,P07910,IntAct
DNJB1_HUMAN,P25685,P11021,IntAct
DNJB1_HUMAN,P25685,Q15427,IntAct
DNJB1_HUMAN,P25685,Q92783,IntAct
DNJB1_HUMAN,P25685,P63313,IntAct
DNJB1_HUMAN,P25685,Q9Y2R0,IntAct
DNJB1_HUMAN,P25685,Q96FW1,IntAct
DNJB1_HUMAN,P25685,E9PS44,IntAct
DNJB1_HUMAN,P25685,Q676U5,IntAct
DNJB1_HUMAN,P25685,O95816,IntAct
DNJB1_HUMAN,P25685,P62280,IntAct
DNJB1_HUMAN,P25685,Q77M19,IntAct
DNJB1_HUMAN,P25685,P13051,IntAct
DNJB1_HUMAN,P25685,Q91YN9,IntAct
DNJB1_HUMAN,P25685,P10632,IntAct
DNJB1_HUMAN,P25685,Q6IQ23,IntAct
DNJB1_HUMAN,P25685,Q5S007,IntAct
DNJB1_HUMAN,P25685,O15013,IntAct
DNJB1_HUMAN,P25685,Q96EK5,IntAct
DNJB1_HUMAN,P25685,Q99933,IntAct
DNJB1_HUMAN,P25685,P57078,IntAct
DNJB1_HUMAN,P25685,P58340,IntAct
DNJB1_HUMAN,P25685,P61224,IntAct
DNJB1_HUMAN,P25685,P23258,IntAct
DNJB1_HUMAN,P25685,Q9NYY8,IntAct
DNJB1_HUMAN,P25685,Q15773,IntAct
DNJB1_HUMAN,P25685,Q13509,IntAct
DNJB1_HUMAN,P25685,P43250,IntAct
DNJB1_HUMAN,P25685,P04183,IntAct
DNJB1_HUMAN,P25685,P13569,IntAct
DNJB1_HUMAN,P25685,Q9Y2L1,IntAct
DNJB1_HUMAN,P25685,K9N7C7,IntAct
DNJB1_HUMAN,P25685,A0AUL9,IntAct
DNJB1_HUMAN,P25685,O15084,IntAct
DNJB1_HUMAN,P25685,Q8IY21,IntAct
DNJB1_HUMAN,P25685,Q8WXR4,IntAct
DNJB1_HUMAN,P25685,Q6P4D5,IntAct
DNJB1_HUMAN,P25685,O75953,IntAct
DNJB1_HUMAN,P25685,Q9Y281,IntAct
DNJB1_HUMAN,P25685,Q9BQ87,IntAct
DNJB1_HUMAN,P25685,P03372,IntAct
DNJB1_HUMAN,P25685,Q9Y3A5,IntAct
DNJB1_HUMAN,P25685,O14733,IntAct
DNJB1_HUMAN,P25685,Q9BQ95,IntAct
DNJB1_HUMAN,P25685,Q03135,IntAct
DNJB1_HUMAN,P25685,Q15334,IntAct
DNJB1_HUMAN,P25685,O94887,IntAct
DNJB1_HUMAN,P25685,P61081,IntAct
DNJB1_HUMAN,P25685,Q9UGI9,IntAct
DNJB1_HUMAN,P25685,Q71U36,IntAct
DNJB1_HUMAN,P25685,Q8IVT5,IntAct
DNJB1_HUMAN,P25685,Q3UDE2,IntAct
DNJB1_HUMAN,P25685,Q06547,IntAct
DNJB1_HUMAN,P25685,Q9NRW3,IntAct
DNJB1_HUMAN,P25685,Q9Y287,IntAct
DNJB1_HUMAN,P25685,O60907,IntAct
DNJB1_HUMAN,P25685,P62258,IntAct
DNJB1_HUMAN,P25685,Q9Y251,IntAct
DNJB1_HUMAN,P25685,Q2TAZ0,IntAct
DNJB1_HUMAN,P25685,Q9NRM7,IntAct
DNJB1_HUMAN,P25685,Q15233,IntAct
DNJB1_HUMAN,P25685,P22612,IntAct
DNJB1_HUMAN,P25685,O95429,IntAct
DNJB1_HUMAN,P25685,P59633,IntAct
DNJB1_HUMAN,P25685,P01111,IntAct
DNJB1_HUMAN,P25685,O14649,IntAct
DNJB1_HUMAN,P25685,O95218,IntAct
DNJB1_HUMAN,P25685,P80192,IntAct
DNJB1_HUMAN,P25685,Q53H96,IntAct
DNJB1_HUMAN,P25685,Q13595,IntAct
DNJB1_HUMAN,P25685,Q9Y266,IntAct
DNJB1_HUMAN,P25685,P19544,IntAct
DNJB1_HUMAN,P25685,Q99759,IntAct
DNJB1_HUMAN,P25685,Q9NR20,IntAct
DNJB1_HUMAN,P25685,Q14166,IntAct
DNJB1_HUMAN,P25685,Q9H9B4,IntAct
DNJB1_HUMAN,P25685,O75152,IntAct
DNJB1_HUMAN,P25685,P02751,IntAct
DNJB1_HUMAN,P25685,P30530,IntAct
DNJB1_HUMAN,P25685,Q53GL0,IntAct
DNJB1_HUMAN,P25685,Q92917,IntAct
DNJB1_HUMAN,P25685,Q9Y4P8,IntAct
DNJB1_HUMAN,P25685,Q9Y2H9,IntAct
DNJB1_HUMAN,P25685,Q03403,IntAct
DNJB1_HUMAN,P25685,Q16543,IntAct
DNJB1_HUMAN,P25685,O14874,IntAct
DNJB1_HUMAN,P25685,Q01804,IntAct
DNJB1_HUMAN,P25685,P49810,IntAct
DNJB1_HUMAN,P25685,Q96SB3,IntAct
DNJB1_HUMAN,P25685,Q8WYQ5,IntAct
DNJB1_HUMAN,P25685,Q8WUA2,IntAct
DNJB1_HUMAN,P25685,Q04917,IntAct
DNJB1_HUMAN,P25685,O75431,IntAct
DNJB1_HUMAN,P25685,P43897,IntAct
DNJB1_HUMAN,P25685,P61981,IntAct
DNJB1_HUMAN,P25685,Q58WW2,IntAct
DNJB1_HUMAN,P25685,Q8N5H7,IntAct
DNJB1_HUMAN,P25685,Q13618,IntAct
DNJB1_HUMAN,P25685,O95202,IntAct
DNJB1_HUMAN,P25685,Q14164,IntAct
DNJB1_HUMAN,P25685,Q9BVP2,IntAct
DNJB1_HUMAN,P25685,Q9H0R8,IntAct
DNJB1_HUMAN,P25685,P48678,IntAct
DNJB1_HUMAN,P25685,Q12906,IntAct
DNJB1_HUMAN,P25685,P23396,IntAct
DNJB1_HUMAN,P25685,P0DOF2,IntAct
DNJB1_HUMAN,P25685,P26196,IntAct
DNJB1_HUMAN,P25685,A2AAE1,IntAct
DNJB1_HUMAN,P25685,Q99615,IntAct
DNJB1_HUMAN,P25685,P60842,IntAct
DNJB1_HUMAN,P25685,Q6ZN17,IntAct
DNJB1_HUMAN,P25685,Q9NQT4,IntAct
DNJB1_HUMAN,P25685,P16278,IntAct
DNJB1_HUMAN,P25685,Q96T37,IntAct
DNJB1_HUMAN,P25685,Q16629,IntAct
DNJB1_HUMAN,P25685,P51617,IntAct
DNJB1_HUMAN,P25685,P09651,IntAct
DNJB1_HUMAN,P25685,Q7Z695,IntAct
DNJB1_HUMAN,P25685,P63027,IntAct
DNJB1_HUMAN,P25685,P36507,IntAct
DNJB1_HUMAN,P25685,Q69YQ0,IntAct
DNJB1_HUMAN,P25685,P31947,IntAct
DNJB1_HUMAN,P25685,Q3LXA3,IntAct
DNJB2_HUMAN,P25686,Q6PCD5,IntAct
DNJB2_HUMAN,P25686,P54652,IntAct
DNJB2_HUMAN,P25686,Q6ZRV2,IntAct
DNJB2_HUMAN,P25686,Q9Y597,IntAct
DNJB2_HUMAN,P25686,Q04656,IntAct
DNJB2_HUMAN,P25686,Q53FC7,IntAct
DNJB2_HUMAN,P25686,P13569,IntAct
DNJB2_HUMAN,P25686,Q9Y4L5,IntAct
DNJB2_HUMAN,P25686,Q86TP1,IntAct
DNJB2_HUMAN,P25686,Q12933,IntAct
DNJB2_HUMAN,P25686,P61088,IntAct
DNJB2_HUMAN,P25686,Q8NG27,IntAct
DNJB2_HUMAN,P25686,Q07730,IntAct
DNJB2_HUMAN,P25686,Q8NHS0,IntAct
DNJB2_HUMAN,P25686,Q92614,IntAct
DNJB2_HUMAN,P25686,P04626,IntAct
DNJB2_HUMAN,P25686,P10636,IntAct
DNJB2_HUMAN,P25686,Q14667,IntAct
DNJB2_HUMAN,P25686,P49354,IntAct
DNJB2_HUMAN,P25686,Q9H992,IntAct
DNJB2_HUMAN,P25686,O75190,IntAct
DNJB2_HUMAN,P25686,P0CG47,IntAct
DNJB2_HUMAN,P25686,P10619,IntAct
DNJB2_HUMAN,P25686,O14972,IntAct
DNJB2_HUMAN,P25686,P17066,IntAct
DNJB2_HUMAN,P25686,Q12816,IntAct
DNJB2_HUMAN,P25686,Q9NXX6,IntAct
DNJB2_HUMAN,P25686,P11142,IntAct
DNJB2_HUMAN,P25686,Q62925,IntAct
DNJB2_HUMAN,P25686,Q9NR28,IntAct
DNJB2_HUMAN,P25686,Q9H0C2,IntAct
DNJB2_HUMAN,P25686,Q9Y6H6,IntAct
DNJB2_HUMAN,P25686,P12504,IntAct
DNJB2_HUMAN,P25686,Q96BE0,IntAct
DNJB2_HUMAN,P25686,Q9H8K7,IntAct
DNJB2_HUMAN,P25686,Q9P2S5,IntAct
DNJB2_HUMAN,P25686,Q9UQ10,IntAct
DNJB2_HUMAN,P25686,Q676U5,IntAct
DNJB2_HUMAN,P25686,Q96DB2,IntAct
DNJB2_HUMAN,P25686,P0DOF2,IntAct
DNJB2_HUMAN,P25686,P0DTC5,IntAct
DNJB2_HUMAN,P25686,P60709,IntAct
DNJB2_HUMAN,P25686,Q13490,IntAct
DNJB2_HUMAN,P25686,P15259,IntAct
DNJB2_HUMAN,P25686,Q13200,IntAct
DNJB2_HUMAN,P25686,P60842,IntAct
DNJB2_HUMAN,P25686,P61081,IntAct
DNJB2_HUMAN,P25686,P16278,IntAct
DNJB2_HUMAN,P25686,Q13404,IntAct
DNJB2_HUMAN,P25686,Q9NVW2,IntAct
DNJB2_HUMAN,P25686,Q6ZMZ0,IntAct
DNJB2_HUMAN,P25686,Q7L5D6,IntAct
DNJB2_HUMAN,P25686,P0DTL6,IntAct
DNJB2_HUMAN,P25686,Q8IV20,IntAct
DNJB2_HUMAN,P25686,P58340,IntAct
DNJB2_HUMAN,P25686,Q71U36,IntAct
DNJB2_HUMAN,P25686,Q96GF1,IntAct
DNJB2_HUMAN,P25686,P22314,IntAct
DNJB2_HUMAN,P25686,P0DMV9,IntAct
DNJB2_HUMAN,P25686,Q70CQ2,IntAct
DNJB2_HUMAN,P25686,Q15773,IntAct
DNJB3_HUMAN,Q8WWF6,P07203,IntAct
DNJB3_HUMAN,Q8WWF6,Q9ULA0,IntAct
DNJB3_HUMAN,Q8WWF6,P61457,IntAct
DNJB3_HUMAN,Q8WWF6,I6T1Z2,IntAct
DNJB3_HUMAN,Q8WWF6,O00170,IntAct
DNJB3_HUMAN,Q8WWF6,Q4G0F5,IntAct
DNJB3_HUMAN,Q8WWF6,Q13409,IntAct
DNJB3_HUMAN,Q8WWF6,O14757,IntAct
DNJB3_HUMAN,Q8WWF6,Q15813,IntAct
DNJB3_HUMAN,Q8WWF6,Q9UFG5,IntAct
DNJB3_HUMAN,Q8WWF6,O00470,IntAct
DNJB3_HUMAN,Q8WWF6,Q1K9H5,IntAct
DNJB3_HUMAN,Q8WWF6,P03428,IntAct
DNJB3_HUMAN,Q8WWF6,Q3B7T1,IntAct
DNJB3_HUMAN,Q8WWF6,Q58FF6,IntAct
DNJB3_HUMAN,Q8WWF6,Q8IZ07,IntAct
DNJB3_HUMAN,Q8WWF6,Q9BRX5,IntAct
DNJB3_HUMAN,Q8WWF6,Q9Y4C2,IntAct
DNJB3_HUMAN,Q8WWF6,Q01844,IntAct
DNJB3_HUMAN,Q8WWF6,Q9NYH9,IntAct
DNJB3_HUMAN,Q8WWF6,Q13901,IntAct
DNJB3_HUMAN,Q8WWF6,P03431,IntAct
DNJB3_HUMAN,Q8WWF6,Q5EP37,IntAct
DNJB3_HUMAN,Q8WWF6,Q14691,IntAct
DNJB3_HUMAN,Q8WWF6,O43734,IntAct
DNJB3_HUMAN,Q8WWF6,B4URF7,IntAct
DNJB3_HUMAN,Q8WWF6,Q9UKK6,IntAct
DNJB3_HUMAN,Q8WWF6,Q96KG9,IntAct
DNJB3_HUMAN,Q8WWF6,Q9UK96,IntAct
DNJB3_HUMAN,Q8WWF6,Q96BW5,IntAct
DNJB3_HUMAN,Q8WWF6,Q9Y248,IntAct
DNJB3_HUMAN,Q8WWF6,Q6PJ69,IntAct
DNJB4_HUMAN,Q9UDY4,Q14190,IntAct
DNJB4_HUMAN,Q9UDY4,Q92598,IntAct
DNJB4_HUMAN,Q9UDY4,Q8NGN1,IntAct
DNJB4_HUMAN,Q9UDY4,P13541,IntAct
DNJB4_HUMAN,Q9UDY4,Q03721,IntAct
DNJB4_HUMAN,Q9UDY4,Q6XPS3,IntAct
DNJB4_HUMAN,Q9UDY4,Q61699,IntAct
DNJB4_HUMAN,Q9UDY4,Q6UXT9,IntAct
DNJB4_HUMAN,Q9UDY4,P84022,IntAct
DNJB4_HUMAN,Q9UDY4,Q96JB6,IntAct
DNJB4_HUMAN,Q9UDY4,P11021,IntAct
DNJB4_HUMAN,Q9UDY4,O60294,IntAct
DNJB4_HUMAN,Q9UDY4,Q6J9G0,IntAct
DNJB4_HUMAN,Q9UDY4,O95816,IntAct
DNJB4_HUMAN,Q9UDY4,Q676U5,IntAct
DNJB4_HUMAN,Q9UDY4,P54253,IntAct
DNJB4_HUMAN,Q9UDY4,Q3MJ13,IntAct
DNJB4_HUMAN,Q9UDY4,Q91YN9,IntAct
DNJB4_HUMAN,Q9UDY4,P03431,IntAct
DNJB4_HUMAN,Q9UDY4,Q96AK3,IntAct
DNJB4_HUMAN,Q9UDY4,Q04725,IntAct
DNJB4_HUMAN,Q9UDY4,Q99933,IntAct
DNJB4_HUMAN,Q9UDY4,P58340,IntAct
DNJB4_HUMAN,Q9UDY4,Q53HC5,IntAct
DNJB4_HUMAN,Q9UDY4,Q9Y230,IntAct
DNJB4_HUMAN,Q9UDY4,Q15773,IntAct
DNJB4_HUMAN,Q9UDY4,Q99742,IntAct
DNJB4_HUMAN,Q9UDY4,Q13509,IntAct
DNJB4_HUMAN,Q9UDY4,P13569,IntAct
DNJB4_HUMAN,Q9UDY4,K9N7C7,IntAct
DNJB4_HUMAN,Q9UDY4,Q9H0F6,IntAct
DNJB4_HUMAN,Q9UDY4,Q8N239,IntAct
DNJB4_HUMAN,Q9UDY4,O75953,IntAct
DNJB4_HUMAN,Q9UDY4,P17066,IntAct
DNJB4_HUMAN,Q9UDY4,Q9Y281,IntAct
DNJB4_HUMAN,Q9UDY4,Q9BQ87,IntAct
DNJB4_HUMAN,Q9UDY4,P11142,IntAct
DNJB4_HUMAN,Q9UDY4,Q8WUA7,IntAct
DNJB4_HUMAN,Q9UDY4,P0DTC5,IntAct
DNJB4_HUMAN,Q9UDY4,Q9BY76,IntAct
DNJB4_HUMAN,Q9UDY4,Q4VXA5,IntAct
DNJB4_HUMAN,Q9UDY4,Q71U36,IntAct
DNJB4_HUMAN,Q9UDY4,Q3UDE2,IntAct
DNJB4_HUMAN,Q9UDY4,P63104,IntAct
DNJB4_HUMAN,Q9UDY4,Q9H8J5,IntAct
DNJB4_HUMAN,Q9UDY4,Q9Y2G2,IntAct
DNJB4_HUMAN,Q9UDY4,O60907,IntAct
DNJB4_HUMAN,Q9UDY4,B2CML4,IntAct
DNJB4_HUMAN,Q9UDY4,Q92844,IntAct
DNJB4_HUMAN,Q9UDY4,O14649,IntAct
DNJB4_HUMAN,Q9UDY4,Q9P2S5,IntAct
DNJB4_HUMAN,Q9UDY4,Q53H96,IntAct
DNJB4_HUMAN,Q9UDY4,Q7L5Y6,IntAct
DNJB4_HUMAN,Q9UDY4,Q9Y266,IntAct
DNJB4_HUMAN,Q9UDY4,P04201,IntAct
DNJB4_HUMAN,Q9UDY4,P25685,IntAct
DNJB4_HUMAN,Q9UDY4,Q96RS0,IntAct
DNJB4_HUMAN,Q9UDY4,P33151,IntAct
DNJB4_HUMAN,Q9UDY4,Q99759,IntAct
DNJB4_HUMAN,Q9UDY4,Q14166,IntAct
DNJB4_HUMAN,Q9UDY4,Q9Y4P8,IntAct
DNJB4_HUMAN,Q9UDY4,P0DPB6,IntAct
DNJB4_HUMAN,Q9UDY4,Q86W28,IntAct
DNJB4_HUMAN,Q9UDY4,O95922,IntAct
DNJB4_HUMAN,Q9UDY4,Q27J81,IntAct
DNJB4_HUMAN,Q9UDY4,P42858,IntAct
DNJB4_HUMAN,Q9UDY4,O15061,IntAct
DNJB4_HUMAN,Q9UDY4,Q8N5U1,IntAct
DNJB4_HUMAN,Q9UDY4,Q9Y6H6,IntAct
DNJB4_HUMAN,Q9UDY4,Q99592,IntAct
DNJB4_HUMAN,Q9UDY4,P0DOF2,IntAct
DNJB4_HUMAN,Q9UDY4,Q96LA9,IntAct
DNJB4_HUMAN,Q9UDY4,Q5JPI3,IntAct
DNJB4_HUMAN,Q9UDY4,Q9UL15,IntAct
DNJB4_HUMAN,Q9UDY4,Q99615,IntAct
DNJB4_HUMAN,Q9UDY4,P16278,IntAct
DNJB4_HUMAN,Q9UDY4,O15547,IntAct
DNJB4_HUMAN,Q9UDY4,Q00987,IntAct
DNJB5_HUMAN,O75953,Q99742,IntAct
DNJB5_HUMAN,O75953,Q9H8J5,IntAct
DNJB5_HUMAN,O75953,Q2M329,IntAct
DNJB5_HUMAN,O75953,O95714,IntAct
DNJB5_HUMAN,O75953,Q9UBG7,IntAct
DNJB5_HUMAN,O75953,Q03721,IntAct
DNJB5_HUMAN,O75953,Q99706,IntAct
DNJB5_HUMAN,O75953,Q6XPS3,IntAct
DNJB5_HUMAN,O75953,Q9P253,IntAct
DNJB5_HUMAN,O75953,O14556,IntAct
DNJB5_HUMAN,O75953,B2CML4,IntAct
DNJB5_HUMAN,O75953,Q9UK39,IntAct
DNJB5_HUMAN,O75953,Q9UDY4,IntAct
DNJB5_HUMAN,O75953,E9PB39,IntAct
DNJB5_HUMAN,O75953,P84022,IntAct
DNJB5_HUMAN,O75953,P51854,IntAct
DNJB5_HUMAN,O75953,O00555,IntAct
DNJB5_HUMAN,O75953,Q5TYW1,IntAct
DNJB5_HUMAN,O75953,Q8TAV5,IntAct
DNJB5_HUMAN,O75953,O43930,IntAct
DNJB5_HUMAN,O75953,O95429,IntAct
DNJB5_HUMAN,O75953,Q9Y605,IntAct
DNJB5_HUMAN,O75953,Q15796,IntAct
DNJB5_HUMAN,O75953,Q9Y574,IntAct
DNJB5_HUMAN,O75953,Q01484,IntAct
DNJB5_HUMAN,O75953,Q5VST9,IntAct
DNJB5_HUMAN,O75953,Q96L11,IntAct
DNJB5_HUMAN,O75953,Q8WUA7,IntAct
DNJB5_HUMAN,O75953,Q9Y6H6,IntAct
DNJB5_HUMAN,O75953,P09466,IntAct
DNJB5_HUMAN,O75953,Q8WZ42,IntAct
DNJB5_HUMAN,O75953,Q6ZRR5,IntAct
DNJB5_HUMAN,O75953,Q676U5,IntAct
DNJB5_HUMAN,O75953,P0DTC5,IntAct
DNJB5_HUMAN,O75953,O15040,IntAct
DNJB5_HUMAN,O75953,Q5DID0,IntAct
DNJB5_HUMAN,O75953,Q8IZ57,IntAct
DNJB5_HUMAN,O75953,Q3MJ13,IntAct
DNJB5_HUMAN,O75953,Q8NER5,IntAct
DNJB5_HUMAN,O75953,Q5JPI3,IntAct
DNJB5_HUMAN,O75953,Q6JEL2,IntAct
DNJB5_HUMAN,O75953,P25685,IntAct
DNJB5_HUMAN,O75953,P03431,IntAct
DNJB5_HUMAN,O75953,Q96AK3,IntAct
DNJB5_HUMAN,O75953,Q9UKB1,IntAct
DNJB5_HUMAN,O75953,O15460,IntAct
DNJB5_HUMAN,O75953,Q9BY84,IntAct
DNJB5_HUMAN,O75953,O14939,IntAct
DNJB5_HUMAN,O75953,O15547,IntAct
DNJB5_HUMAN,O75953,O15013,IntAct
DNJB5_HUMAN,O75953,Q4VXA5,IntAct
DNJB5_HUMAN,O75953,Q9NXR8,IntAct
DNJB5_HUMAN,O75953,Q9UK96,IntAct
DNJB5_HUMAN,O75953,Q00872,IntAct
DNJB5_HUMAN,O75953,P21675,IntAct
DNJB5_HUMAN,O75953,Q13393,IntAct
DNJB5_HUMAN,O75953,Q309B1,IntAct
DNJB5_HUMAN,O75953,Q5H9I0,IntAct
DNJB5_HUMAN,O75953,Q86W28,IntAct
DNJB6_HUMAN,O75190,Q13123,IntAct
DNJB6_HUMAN,O75190,P53004,IntAct
DNJB6_HUMAN,O75190,Q16659,IntAct
DNJB6_HUMAN,O75190,O75155,IntAct
DNJB6_HUMAN,O75190,Q5JSP0,IntAct
DNJB6_HUMAN,O75190,P01241,IntAct
DNJB6_HUMAN,O75190,Q29RF7,IntAct
DNJB6_HUMAN,O75190,Q9BVQ7,IntAct
DNJB6_HUMAN,O75190,P46063,IntAct
DNJB6_HUMAN,O75190,P31749,IntAct
DNJB6_HUMAN,O75190,Q99558,IntAct
DNJB6_HUMAN,O75190,Q96PU8,IntAct
DNJB6_HUMAN,O75190,Q16204,IntAct
DNJB6_HUMAN,O75190,Q9UPV0,IntAct
DNJB6_HUMAN,O75190,Q12765,IntAct
DNJB6_HUMAN,O75190,Q9HCU9,IntAct
DNJB6_HUMAN,O75190,Q92783,IntAct
DNJB6_HUMAN,O75190,P55145,IntAct
DNJB6_HUMAN,O75190,Q13617,IntAct
DNJB6_HUMAN,O75190,Q96BE0,IntAct
DNJB6_HUMAN,O75190,Q96M27,IntAct
DNJB6_HUMAN,O75190,O75563,IntAct
DNJB6_HUMAN,O75190,Q15642,IntAct
DNJB6_HUMAN,O75190,Q8N8S7,IntAct
DNJB6_HUMAN,O75190,Q676U5,IntAct
DNJB6_HUMAN,O75190,O95816,IntAct
DNJB6_HUMAN,O75190,P62280,IntAct
DNJB6_HUMAN,O75190,Q8NA72,IntAct
DNJB6_HUMAN,O75190,Q8NHS9,IntAct
DNJB6_HUMAN,O75190,O43665,IntAct
DNJB6_HUMAN,O75190,Q02750,IntAct
DNJB6_HUMAN,O75190,P49590,IntAct
DNJB6_HUMAN,O75190,Q92597,IntAct
DNJB6_HUMAN,O75190,Q91YN9,IntAct
DNJB6_HUMAN,O75190,Q96D53,IntAct
DNJB6_HUMAN,O75190,Q9P289,IntAct
DNJB6_HUMAN,O75190,Q8IY92,IntAct
DNJB6_HUMAN,O75190,P03431,IntAct
DNJB6_HUMAN,O75190,Q6ZWV7,IntAct
DNJB6_HUMAN,O75190,Q5S007,IntAct
DNJB6_HUMAN,O75190,Q9H6S3,IntAct
DNJB6_HUMAN,O75190,Q9H074,IntAct
DNJB6_HUMAN,O75190,Q494V2,IntAct
DNJB6_HUMAN,O75190,Q8K2C9,IntAct
DNJB6_HUMAN,O75190,P53367,IntAct
DNJB6_HUMAN,O75190,Q99933,IntAct
DNJB6_HUMAN,O75190,P03452,IntAct
DNJB6_HUMAN,O75190,O15126,IntAct
DNJB6_HUMAN,O75190,P57078,IntAct
DNJB6_HUMAN,O75190,Q9UKD2,IntAct
DNJB6_HUMAN,O75190,E9Q2H1,IntAct
DNJB6_HUMAN,O75190,Q14008,IntAct
DNJB6_HUMAN,O75190,P58340,IntAct
DNJB6_HUMAN,O75190,Q13326,IntAct
DNJB6_HUMAN,O75190,P05783,IntAct
DNJB6_HUMAN,O75190,Q14651,IntAct
DNJB6_HUMAN,O75190,Q8N392,IntAct
DNJB6_HUMAN,O75190,Q9BTE3,IntAct
DNJB6_HUMAN,O75190,Q14444,IntAct
DNJB6_HUMAN,O75190,Q9H4M9,IntAct
DNJB6_HUMAN,O75190,Q15773,IntAct
DNJB6_HUMAN,O75190,Q99742,IntAct
DNJB6_HUMAN,O75190,Q9NXH9,IntAct
DNJB6_HUMAN,O75190,Q99576,IntAct
DNJB6_HUMAN,O75190,Q2M329,IntAct
DNJB6_HUMAN,O75190,Q8N5I9,IntAct
DNJB6_HUMAN,O75190,Q9NWU1,IntAct
DNJB6_HUMAN,O75190,P13569,IntAct
DNJB6_HUMAN,O75190,Q8WUH6,IntAct
DNJB6_HUMAN,O75190,Q15714,IntAct
DNJB6_HUMAN,O75190,Q13492,IntAct
DNJB6_HUMAN,O75190,Q9Y2L1,IntAct
DNJB6_HUMAN,O75190,P35226,IntAct
DNJB6_HUMAN,O75190,P60891,IntAct
DNJB6_HUMAN,O75190,Q13191,IntAct
DNJB6_HUMAN,O75190,P56545,IntAct
DNJB6_HUMAN,O75190,P04626,IntAct
DNJB6_HUMAN,O75190,Q9BZV1,IntAct
DNJB6_HUMAN,O75190,P49902,IntAct
DNJB6_HUMAN,O75190,O95672,IntAct
DNJB6_HUMAN,O75190,Q14353,IntAct
DNJB6_HUMAN,O75190,P53675,IntAct
DNJB6_HUMAN,O75190,P03428,IntAct
DNJB6_HUMAN,O75190,Q9BW83,IntAct
DNJB6_HUMAN,O75190,Q9Y281,IntAct
DNJB6_HUMAN,O75190,Q9NZN4,IntAct
DNJB6_HUMAN,O75190,Q62925,IntAct
DNJB6_HUMAN,O75190,P11142,IntAct
DNJB6_HUMAN,O75190,P42336,IntAct
DNJB6_HUMAN,O75190,Q8TED1,IntAct
DNJB6_HUMAN,O75190,O95817,IntAct
DNJB6_HUMAN,O75190,P26447,IntAct
DNJB6_HUMAN,O75190,Q9NR56,IntAct
DNJB6_HUMAN,O75190,Q9UNE7,IntAct
DNJB6_HUMAN,O75190,Q9NQZ2,IntAct
DNJB6_HUMAN,O75190,Q8NB90,IntAct
DNJB6_HUMAN,O75190,Q13200,IntAct
DNJB6_HUMAN,O75190,Q5VTR2,IntAct
DNJB6_HUMAN,O75190,Q96KB5,IntAct
DNJB6_HUMAN,O75190,P23193,IntAct
DNJB6_HUMAN,O75190,P30519,IntAct
DNJB6_HUMAN,O75190,P48735,IntAct
DNJB6_HUMAN,O75190,P61081,IntAct
DNJB6_HUMAN,O75190,P78344,IntAct
DNJB6_HUMAN,O75190,O95671,IntAct
DNJB6_HUMAN,O75190,Q9GZZ1,IntAct
DNJB6_HUMAN,O75190,Q9NRX4,IntAct
DNJB6_HUMAN,O75190,Q0VDF9,IntAct
DNJB6_HUMAN,O75190,Q7LBC6,IntAct
DNJB6_HUMAN,O75190,Q8IZ73,IntAct
DNJB6_HUMAN,O75190,O76071,IntAct
DNJB6_HUMAN,O75190,Q9UGI9,IntAct
DNJB6_HUMAN,O75190,Q96BF6,IntAct
DNJB6_HUMAN,O75190,Q71U36,IntAct
DNJB6_HUMAN,O75190,P22314,IntAct
DNJB6_HUMAN,O75190,Q9NWT6,IntAct
DNJB6_HUMAN,O75190,P50570,IntAct
DNJB6_HUMAN,O75190,Q8WZ42,IntAct
DNJB6_HUMAN,O75190,P41227,IntAct
DNJB6_HUMAN,O75190,P43243,IntAct
DNJB6_HUMAN,O75190,Q14376,IntAct
DNJB6_HUMAN,O75190,P01106,IntAct
DNJB6_HUMAN,O75190,Q9Y6B6,IntAct
DNJB6_HUMAN,O75190,Q08J23,IntAct
DNJB6_HUMAN,O75190,P52179,IntAct
DNJB6_HUMAN,O75190,O75940,IntAct
DNJB6_HUMAN,O75190,Q15233,IntAct
DNJB6_HUMAN,O75190,Q9H832,IntAct
DNJB6_HUMAN,O75190,Q15327,IntAct
DNJB6_HUMAN,O75190,Q00341,IntAct
DNJB6_HUMAN,O75190,Q6XD76,IntAct
DNJB6_HUMAN,O75190,P22612,IntAct
DNJB6_HUMAN,O75190,P49354,IntAct
DNJB6_HUMAN,O75190,O95429,IntAct
DNJB6_HUMAN,O75190,Q15054,IntAct
DNJB6_HUMAN,O75190,Q9Y468,IntAct
DNJB6_HUMAN,O75190,Q12972,IntAct
DNJB6_HUMAN,O75190,P05787,IntAct
DNJB6_HUMAN,O75190,Q6ZNJ1,IntAct
DNJB6_HUMAN,O75190,Q8NFD2,IntAct
DNJB6_HUMAN,O75190,P80192,IntAct
DNJB6_HUMAN,O75190,O43776,IntAct
DNJB6_HUMAN,O75190,Q9Y570,IntAct
DNJB6_HUMAN,O75190,Q99961,IntAct
DNJB6_HUMAN,O75190,Q99808,IntAct
DNJB6_HUMAN,O75190,Q7KZ85,IntAct
DNJB6_HUMAN,O75190,P36915,IntAct
DNJB6_HUMAN,O75190,Q9BY84,IntAct
DNJB6_HUMAN,O75190,Q9NR20,IntAct
DNJB6_HUMAN,O75190,Q9BTE6,IntAct
DNJB6_HUMAN,O75190,Q14166,IntAct
DNJB6_HUMAN,O75190,O75152,IntAct
DNJB6_HUMAN,O75190,B4URF7,IntAct
DNJB6_HUMAN,O75190,Q9Y5J5,IntAct
DNJB6_HUMAN,O75190,Q9Y624,IntAct
DNJB6_HUMAN,O75190,P50851,IntAct
DNJB6_HUMAN,O75190,Q3KNS6,IntAct
DNJB6_HUMAN,O75190,Q8IY84,IntAct
DNJB6_HUMAN,O75190,P0DPB6,IntAct
DNJB6_HUMAN,O75190,Q06124,IntAct
DNJB6_HUMAN,O75190,P36871,IntAct
DNJB6_HUMAN,O75190,Q13596,IntAct
DNJB6_HUMAN,O75190,I6T1Z2,IntAct
DNJB6_HUMAN,O75190,P10620,IntAct
DNJB6_HUMAN,O75190,Q9BV86,IntAct
DNJB6_HUMAN,O75190,O95219,IntAct
DNJB6_HUMAN,O75190,Q9HB71,IntAct
DNJB6_HUMAN,O75190,Q9NX04,IntAct
DNJB6_HUMAN,O75190,C5E527,IntAct
DNJB6_HUMAN,O75190,Q92797,IntAct
DNJB6_HUMAN,O75190,P31948,IntAct
DNJB6_HUMAN,O75190,Q6P1L5,IntAct
DNJB6_HUMAN,O75190,P61088,IntAct
DNJB6_HUMAN,O75190,Q1K9H5,IntAct
DNJB6_HUMAN,O75190,P14618,IntAct
DNJB6_HUMAN,O75190,P23919,IntAct
DNJB6_HUMAN,O75190,Q8TD91,IntAct
DNJB6_HUMAN,O75190,P62495,IntAct
DNJB6_HUMAN,O75190,Q8NHS0,IntAct
DNJB6_HUMAN,O75190,Q04917,IntAct
DNJB6_HUMAN,O75190,P43897,IntAct
DNJB6_HUMAN,O75190,Q9ULH1,IntAct
DNJB6_HUMAN,O75190,P61981,IntAct
DNJB6_HUMAN,O75190,Q2TB10,IntAct
DNJB6_HUMAN,O75190,Q13618,IntAct
DNJB6_HUMAN,O75190,Q9Y697,IntAct
DNJB6_HUMAN,O75190,O95202,IntAct
DNJB6_HUMAN,O75190,Q68E01,IntAct
DNJB6_HUMAN,O75190,Q8NBB4,IntAct
DNJB6_HUMAN,O75190,P18031,IntAct
DNJB6_HUMAN,O75190,Q9Y6H6,IntAct
DNJB6_HUMAN,O75190,Q99614,IntAct
DNJB6_HUMAN,O75190,O60763,IntAct
DNJB6_HUMAN,O75190,P04406,IntAct
DNJB6_HUMAN,O75190,O60749,IntAct
DNJB6_HUMAN,O75190,Q5JU00,IntAct
DNJB6_HUMAN,O75190,P0DOF2,IntAct
DNJB6_HUMAN,O75190,Q96DB2,IntAct
DNJB6_HUMAN,O75190,Q96CW5,IntAct
DNJB6_HUMAN,O75190,Q6P5F9,IntAct
DNJB6_HUMAN,O75190,Q9P2B2,IntAct
DNJB6_HUMAN,O75190,P30566,IntAct
DNJB6_HUMAN,O75190,Q8IZ57,IntAct
DNJB6_HUMAN,O75190,P26196,IntAct
DNJB6_HUMAN,O75190,Q5EP37,IntAct
DNJB6_HUMAN,O75190,Q12904,IntAct
DNJB6_HUMAN,O75190,Q14558,IntAct
DNJB6_HUMAN,O75190,Q9BUL9,IntAct
DNJB6_HUMAN,O75190,P60842,IntAct
DNJB6_HUMAN,O75190,P25686,IntAct
DNJB6_HUMAN,O75190,Q9NUQ9,IntAct
DNJB6_HUMAN,O75190,O55187,IntAct
DNJB6_HUMAN,O75190,Q13404,IntAct
DNJB6_HUMAN,O75190,Q00872,IntAct
DNJB6_HUMAN,O75190,P04049,IntAct
DNJB6_HUMAN,O75190,Q13451,IntAct
DNJB6_HUMAN,O75190,Q8IWB6,IntAct
DNJB6_HUMAN,O75190,O75923,IntAct
DNJB6_HUMAN,O75190,Q96JB5,IntAct
DNJB6_HUMAN,O75190,Q8N488,IntAct
DNJB6_HUMAN,O75190,P36507,IntAct
DNJB6_HUMAN,O75190,Q9NSY0,IntAct
DNJB6_HUMAN,O75190,Q13398,IntAct
DNJB6_HUMAN,O75190,Q9BXJ9,IntAct
DNJB6_HUMAN,O75190,Q3LXA3,IntAct
DNJB7_HUMAN,Q7Z6W7,P78362,IntAct
DNJB7_HUMAN,Q7Z6W7,Q9Y5B8,IntAct
DNJB7_HUMAN,Q7Z6W7,Q14738,IntAct
DNJB7_HUMAN,Q7Z6W7,Q8IZT6,IntAct
DNJB8_HUMAN,Q8NHS0,Q9HC78,IntAct
DNJB8_HUMAN,Q8NHS0,Q6ZRV2,IntAct
DNJB8_HUMAN,Q8NHS0,Q9NX04,IntAct
DNJB8_HUMAN,Q8NHS0,Q8IZT6,IntAct
DNJB8_HUMAN,Q8NHS0,Q5W0B1,IntAct
DNJB8_HUMAN,Q8NHS0,Q9BVQ7,IntAct
DNJB8_HUMAN,Q8NHS0,P04626,IntAct
DNJB8_HUMAN,Q8NHS0,Q14667,IntAct
DNJB8_HUMAN,Q8NHS0,O75190,IntAct
DNJB8_HUMAN,Q8NHS0,O95503,IntAct
DNJB8_HUMAN,Q8NHS0,Q14145,IntAct
DNJB8_HUMAN,Q8NHS0,P11142,IntAct
DNJB8_HUMAN,Q8NHS0,Q9H0W7,IntAct
DNJB8_HUMAN,Q8NHS0,Q7Z304,IntAct
DNJB8_HUMAN,Q8NHS0,O75556,IntAct
DNJB8_HUMAN,Q8NHS0,Q8NB90,IntAct
DNJB8_HUMAN,Q8NHS0,Q5S007,IntAct
DNJB8_HUMAN,Q8NHS0,Q8IXQ3,IntAct
DNJB8_HUMAN,Q8NHS0,P25686,IntAct
DNJB8_HUMAN,Q8NHS0,Q9BXS1,IntAct
DNJB8_HUMAN,Q8NHS0,Q96DF8,IntAct
DNJB8_HUMAN,Q8NHS0,Q99666,IntAct
DNJB8_HUMAN,Q8NHS0,P31025,IntAct
DNJB8_HUMAN,Q8NHS0,Q96BF6,IntAct
DNJB8_HUMAN,Q8NHS0,P58340,IntAct
DNJB8_HUMAN,Q8NHS0,P50548,IntAct
DNJB8_HUMAN,Q8NHS0,Q70CQ2,IntAct
DNJC2_HUMAN,Q99543,O43930,IntAct
DNJC2_HUMAN,Q99543,Q8NC51,IntAct
DNJC2_HUMAN,Q99543,Q7Z6M3,IntAct
DNJC2_HUMAN,Q99543,P58546,IntAct
DNJC2_HUMAN,Q99543,P29084,IntAct
DNJC2_HUMAN,Q99543,Q96EQ0,IntAct
DNJC2_HUMAN,Q99543,Q0VDF9,IntAct
DNJC2_HUMAN,Q99543,Q99M31,IntAct
DNJC2_HUMAN,Q99543,Q8TDX7,IntAct
DNJC2_HUMAN,Q99543,Q96K76,IntAct
DNJC2_HUMAN,Q99543,Q5S007,IntAct
DNJC2_HUMAN,Q99543,P03372,IntAct
DNJC2_HUMAN,Q99543,B2RXH8,IntAct
DNJC2_HUMAN,Q99543,Q9BWT6,IntAct
DNJC5_HUMAN,Q9H3Z4,D3ZDT1,IntAct
DNJC5_HUMAN,Q9H3Z4,Q63803,IntAct
DNJC5_HUMAN,Q9H3Z4,P43088,IntAct
DNJC5_HUMAN,Q9H3Z4,Q05175,IntAct
DNJC5_HUMAN,Q9H3Z4,Q9C0E8,IntAct
DNJC5_HUMAN,Q9H3Z4,O14964,IntAct
DNJC5_HUMAN,Q9H3Z4,Q86TP1,IntAct
DNJC5_HUMAN,Q9H3Z4,O14617,IntAct
DNJC5_HUMAN,Q9H3Z4,Q9H939,IntAct
DNJC5_HUMAN,Q9H3Z4,P60881,IntAct
DNJC5_HUMAN,Q9H3Z4,O35509,IntAct
DNJC5_HUMAN,Q9H3Z4,A0A0G2K6T9,IntAct
DNJC5_HUMAN,Q9H3Z4,Q6DGG9,IntAct
DNJC5_HUMAN,Q9H3Z4,P37840,IntAct
DNJC5_HUMAN,Q9H3Z4,Q6UWP7,IntAct
DNJC5_HUMAN,Q9H3Z4,F1LN75,IntAct
DNJC5_HUMAN,Q9H3Z4,P23763,IntAct
DNJC5_HUMAN,Q9H3Z4,A0A0G2JX56,IntAct
DNJC5_HUMAN,Q9H3Z4,Q9GZU7,IntAct
DNJC5_HUMAN,Q9H3Z4,P21579,IntAct
DNJC5_HUMAN,Q9H3Z4,D3ZYR1,IntAct
DNJC5_HUMAN,Q9H3Z4,B5DFG5,IntAct
DNJC5_HUMAN,Q9H3Z4,D3ZUL1,IntAct
DNJC5_HUMAN,Q9H3Z4,P35070,IntAct
DNJC5_HUMAN,Q9H3Z4,Q498N4,IntAct
DNJC5_HUMAN,Q9H3Z4,Q9JJ19,IntAct
DNJC5_HUMAN,Q9H3Z4,O15126,IntAct
DNJC5_HUMAN,Q9H3Z4,Q9BY67,IntAct
DNJC5_HUMAN,Q9H3Z4,Q86Y82,IntAct
DNJC5_HUMAN,Q9H3Z4,Q5XI73,IntAct
DNJC5_HUMAN,Q9H3Z4,Q9Z1X1,IntAct
DNJC5_HUMAN,Q9H3Z4,Q9NUP9,IntAct
DNJC5_HUMAN,Q9H3Z4,Q6GMN2,IntAct
DNJC5_HUMAN,Q9H3Z4,Q14444,IntAct
DNJC5_HUMAN,Q9H3Z4,P69905,IntAct
DNJC5_HUMAN,Q9H3Z4,P30531,IntAct
DNJC5_HUMAN,Q9H3Z4,Q13309,IntAct
DNJC5_HUMAN,Q9H3Z4,P09936,IntAct
DNJC5_HUMAN,Q9H3Z4,Q9QY17,IntAct
DNJC5_HUMAN,Q9H3Z4,Q9Y4K3,IntAct
DNJC5_HUMAN,Q9H3Z4,P13569,IntAct
DNJC5_HUMAN,Q9H3Z4,O14936,IntAct
DNJC5_HUMAN,Q9H3Z4,A0A0G2JSM7,IntAct
DNJC5_HUMAN,Q9H3Z4,Q9HDB5,IntAct
DNJC5_HUMAN,Q9H3Z4,G3V9Z6,IntAct
DNJC5_HUMAN,Q9H3Z4,Q13277,IntAct
DNJC5_HUMAN,Q9H3Z4,Q9UJ41,IntAct
DNJC5_HUMAN,Q9H3Z4,Q9ULU8,IntAct
DNJC5_HUMAN,Q9H3Z4,D4ADF5,IntAct
DNJC5_HUMAN,Q9H3Z4,D3ZZZ9,IntAct
DNJC5_HUMAN,Q9H3Z4,P10636,IntAct
DNJC5_HUMAN,Q9H3Z4,Q6P756,IntAct
DNJC5_HUMAN,Q9H3Z4,O00232,IntAct
DNJC5_HUMAN,Q9H3Z4,P08247,IntAct
DNJC5_HUMAN,Q9H3Z4,Q9JI56,IntAct
DNJC5_HUMAN,Q9H3Z4,B0K030,IntAct
DNJC5_HUMAN,Q9H3Z4,Q5U211,IntAct
DNJC5_HUMAN,Q9H3Z4,P63010,IntAct
DNJC5_HUMAN,Q9H3Z4,Q7Z417,IntAct
DNJC5_HUMAN,Q9H3Z4,P61765,IntAct
DNJC5_HUMAN,Q9H3Z4,Q92572,IntAct
DNJC5_HUMAN,Q9H3Z4,Q9BTX7,IntAct
DNJC5_HUMAN,Q9H3Z4,Q64542,IntAct
DNJC5_HUMAN,Q9H3Z4,O14526,IntAct
DNJC5_HUMAN,Q9H3Z4,P06729,IntAct
DNJC5_HUMAN,Q9H3Z4,Q5JSZ5,IntAct
DNJC5_HUMAN,Q9H3Z4,O14910,IntAct
DNJC5_HUMAN,Q9H3Z4,O60641,IntAct
DNJC5_HUMAN,Q9H3Z4,Q8IUH4,IntAct
DNJC5_HUMAN,Q9H3Z4,P52594,IntAct
DNJC5_HUMAN,Q9H3Z4,P49757,IntAct
DNJC5_HUMAN,Q9H3Z4,O75379,IntAct
DNJC5_HUMAN,Q9H3Z4,P63018,IntAct
DNJC5_HUMAN,Q9H3Z4,Q62785,IntAct
DNJC5_HUMAN,Q9H3Z4,Q99963,IntAct
DNJC5_HUMAN,Q9H3Z4,Q8IUD2,IntAct
DNJC5_HUMAN,Q9H3Z4,Q9UBP0,IntAct
DNJC5_HUMAN,Q9H3Z4,O76090,IntAct
DNJC5_HUMAN,Q9H3Z4,P49354,IntAct
DNJC5_HUMAN,Q9H3Z4,Q9H598,IntAct
DNJC5_HUMAN,Q9H3Z4,O95782,IntAct
DNJC5_HUMAN,Q9H3Z4,O70257,IntAct
DNJC5_HUMAN,Q9H3Z4,A0A0G2JSH6,IntAct
DNJC5_HUMAN,Q9H3Z4,P63045,IntAct
DNJC5_HUMAN,Q9H3Z4,Q5U302,IntAct
DNJC5_HUMAN,Q9H3Z4,Q5U2P5,IntAct
DNJC5_HUMAN,Q9H3Z4,D3ZJ32,IntAct
DNJC5_HUMAN,Q9H3Z4,Q568Z6,IntAct
DNJC5_HUMAN,Q9H3Z4,O35964,IntAct
DNJC5_HUMAN,Q9H3Z4,Q07439,IntAct
DNJC5_HUMAN,Q9H3Z4,B4F7E8,IntAct
DNJC5_HUMAN,Q9H3Z4,P98172,IntAct
DNJC5_HUMAN,Q9H3Z4,O88808,IntAct
DNJC5_HUMAN,Q9H3Z4,A8MVS5,IntAct
DNJC5_HUMAN,Q9H3Z4,Q6NUQ4,IntAct
DNJC5_HUMAN,Q9H3Z4,F1LM93,IntAct
DNJC5_HUMAN,Q9H3Z4,Q969R5,IntAct
DNJC5_HUMAN,Q9H3Z4,P38606,IntAct
DNJC5_HUMAN,Q9H3Z4,Q15836,IntAct
DNJC5_HUMAN,Q9H3Z4,O15400,IntAct
DNJC5_HUMAN,Q9H3Z4,Q8NDX2,IntAct
DNJC5_HUMAN,Q9H3Z4,Q9HDD0,IntAct
DNJC5_HUMAN,Q9H3Z4,F1M8B7,IntAct
DNJC5_HUMAN,Q9H3Z4,Q16572,IntAct
DNJC5_HUMAN,Q9H3Z4,Q8IUH5,IntAct
DNJC5_HUMAN,Q9H3Z4,Q9HB71,IntAct
DNJC5_HUMAN,Q9H3Z4,Q92692,IntAct
DNJC5_HUMAN,Q9H3Z4,D3ZUV3,IntAct
DNJC5_HUMAN,Q9H3Z4,A0A0G2K0B0,IntAct
DNJC5_HUMAN,Q9H3Z4,Q9P2U7,IntAct
DNJC5_HUMAN,Q9H3Z4,O00222,IntAct
DNJC5_HUMAN,Q9H3Z4,O75335,IntAct
DNJC5_HUMAN,Q9H3Z4,G3V6S0,IntAct
DNJC5_HUMAN,Q9H3Z4,Q9Y6M5,IntAct
DNJC5_HUMAN,Q9H3Z4,Q8TAC9,IntAct
DNJC5_HUMAN,Q9H3Z4,Q9UPT9,IntAct
DNJC5_HUMAN,Q9H3Z4,Q8NEW0,IntAct
DNJC5_HUMAN,Q9H3Z4,Q1AAU6,IntAct
DNJC5_HUMAN,Q9H3Z4,Q9H1K0,IntAct
DNJC5_HUMAN,Q9H3Z4,P58200,IntAct
DNJC5_HUMAN,Q9H3Z4,O95721,IntAct
DNJC5_HUMAN,Q9H3Z4,P0DN86,IntAct
DNJC5_HUMAN,Q9H3Z4,O00445,IntAct
DNJC5_HUMAN,Q9H3Z4,O43752,IntAct
DNJC5_HUMAN,Q9H3Z4,Q13136,IntAct
DNJC5_HUMAN,Q9H3Z4,Q7Z7F0,IntAct
DNJC5_HUMAN,Q9H3Z4,Q8NC96,IntAct
DNJC5_HUMAN,Q9H3Z4,P60842,IntAct
DNJC5_HUMAN,Q9H3Z4,M0RCH6,IntAct
DNJC5_HUMAN,Q9H3Z4,P53680,IntAct
DNJC5_HUMAN,Q9H3Z4,P25445,IntAct
DNJC5_HUMAN,Q9H3Z4,Q00597,IntAct
DNJC5_HUMAN,Q9H3Z4,O94989,IntAct
DNJC5_HUMAN,Q9H3Z4,Q5M823,IntAct
DNJC5_HUMAN,Q9H3Z4,P63027,IntAct
DNJC5_HUMAN,Q9H3Z4,Q9Y6M4,IntAct
DNJC5_HUMAN,Q9H3Z4,F1LPA4,IntAct
DNJC7_HUMAN,Q99615,Q07864,IntAct
DNJC7_HUMAN,Q99615,Q16659,IntAct
DNJC7_HUMAN,Q99615,O15067,IntAct
DNJC7_HUMAN,Q99615,P0DMV8,IntAct
DNJC7_HUMAN,Q99615,Q9P2L0,IntAct
DNJC7_HUMAN,Q99615,Q6UXT9,IntAct
DNJC7_HUMAN,Q99615,Q9UDY4,IntAct
DNJC7_HUMAN,Q99615,C5E526,IntAct
DNJC7_HUMAN,Q99615,P34931,IntAct
DNJC7_HUMAN,Q99615,Q14667,IntAct
DNJC7_HUMAN,Q99615,Q7Z7G8,IntAct
DNJC7_HUMAN,Q99615,Q96PU8,IntAct
DNJC7_HUMAN,Q99615,P09496,IntAct
DNJC7_HUMAN,Q99615,Q9HBG6,IntAct
DNJC7_HUMAN,Q99615,O60294,IntAct
DNJC7_HUMAN,Q99615,Q96FW1,IntAct
DNJC7_HUMAN,Q99615,Q9Y2Z2,IntAct
DNJC7_HUMAN,Q99615,O95816,IntAct
DNJC7_HUMAN,Q99615,Q14201,IntAct
DNJC7_HUMAN,Q99615,Q77M19,IntAct
DNJC7_HUMAN,Q99615,Q91YN9,IntAct
DNJC7_HUMAN,Q99615,Q96MH7,IntAct
DNJC7_HUMAN,Q99615,P0DTC7,IntAct
DNJC7_HUMAN,Q99615,P03431,IntAct
DNJC7_HUMAN,Q99615,Q9Y6X3,IntAct
DNJC7_HUMAN,Q99615,Q5S007,IntAct
DNJC7_HUMAN,Q99615,Q709C8,IntAct
DNJC7_HUMAN,Q99615,O94966,IntAct
DNJC7_HUMAN,Q99615,Q8NDG6,IntAct
DNJC7_HUMAN,Q99615,P57078,IntAct
DNJC7_HUMAN,Q99615,P41091,IntAct
DNJC7_HUMAN,Q99615,P48449,IntAct
DNJC7_HUMAN,Q99615,Q15773,IntAct
DNJC7_HUMAN,Q99615,Q99742,IntAct
DNJC7_HUMAN,Q99615,P09936,IntAct
DNJC7_HUMAN,Q99615,P54652,IntAct
DNJC7_HUMAN,Q99615,Q13509,IntAct
DNJC7_HUMAN,Q99615,P43250,IntAct
DNJC7_HUMAN,Q99615,Q96EN8,IntAct
DNJC7_HUMAN,Q99615,P22102,IntAct
DNJC7_HUMAN,Q99615,P13569,IntAct
DNJC7_HUMAN,Q99615,P08238,IntAct
DNJC7_HUMAN,Q99615,Q15750,IntAct
DNJC7_HUMAN,Q99615,P26641,IntAct
DNJC7_HUMAN,Q99615,P27708,IntAct
DNJC7_HUMAN,Q99615,O75161,IntAct
DNJC7_HUMAN,Q99615,Q13049,IntAct
DNJC7_HUMAN,Q99615,Q8TAM1,IntAct
DNJC7_HUMAN,Q99615,Q9Y281,IntAct
DNJC7_HUMAN,Q99615,Q96RL7,IntAct
DNJC7_HUMAN,Q99615,Q5GLZ8,IntAct
DNJC7_HUMAN,Q99615,P11142,IntAct
DNJC7_HUMAN,Q99615,Q16526,IntAct
DNJC7_HUMAN,Q99615,Q2NKJ3,IntAct
DNJC7_HUMAN,Q99615,O15259,IntAct
DNJC7_HUMAN,Q99615,Q86UK5,IntAct
DNJC7_HUMAN,Q99615,Q9NXB0,IntAct
DNJC7_HUMAN,Q99615,Q96RY7,IntAct
DNJC7_HUMAN,Q99615,Q9UNE7,IntAct
DNJC7_HUMAN,Q99615,Q8TCY9,IntAct
DNJC7_HUMAN,Q99615,O95425,IntAct
DNJC7_HUMAN,Q99615,Q9BWH2,IntAct
DNJC7_HUMAN,Q99615,Q13200,IntAct
DNJC7_HUMAN,Q99615,O43379,IntAct
DNJC7_HUMAN,Q99615,P25391,IntAct
DNJC7_HUMAN,Q99615,P61081,IntAct
DNJC7_HUMAN,Q99615,A8K7Q2,IntAct
DNJC7_HUMAN,Q99615,O75665,IntAct
DNJC7_HUMAN,Q99615,P56282,IntAct
DNJC7_HUMAN,Q99615,Q8NB91,IntAct
DNJC7_HUMAN,Q99615,Q6K0P9,IntAct
DNJC7_HUMAN,Q99615,Q71U36,IntAct
DNJC7_HUMAN,Q99615,Q8NEZ3,IntAct
DNJC7_HUMAN,Q99615,P31327,IntAct
DNJC7_HUMAN,Q99615,P04637,IntAct
DNJC7_HUMAN,Q99615,P78527,IntAct
DNJC7_HUMAN,Q99615,Q9H492,IntAct
DNJC7_HUMAN,Q99615,Q8TB24,IntAct
DNJC7_HUMAN,Q99615,Q9NRI5,IntAct
DNJC7_HUMAN,Q99615,Q9UBP0,IntAct
DNJC7_HUMAN,Q99615,P04629,IntAct
DNJC7_HUMAN,Q99615,Q9NRM7,IntAct
DNJC7_HUMAN,Q99615,Q96JN8,IntAct
DNJC7_HUMAN,Q99615,Q2TAZ0,IntAct
DNJC7_HUMAN,Q99615,P49368,IntAct
DNJC7_HUMAN,Q99615,Q9UG01,IntAct
DNJC7_HUMAN,Q99615,P22612,IntAct
DNJC7_HUMAN,Q99615,O95429,IntAct
DNJC7_HUMAN,Q99615,P49354,IntAct
DNJC7_HUMAN,Q99615,Q01968,IntAct
DNJC7_HUMAN,Q99615,Q6ZNJ1,IntAct
DNJC7_HUMAN,Q99615,O14649,IntAct
DNJC7_HUMAN,Q99615,P49327,IntAct
DNJC7_HUMAN,Q99615,O95218,IntAct
DNJC7_HUMAN,Q99615,Q86SG6,IntAct
DNJC7_HUMAN,Q99615,Q00610,IntAct
DNJC7_HUMAN,Q99615,P10909,IntAct
DNJC7_HUMAN,Q99615,Q8IVT2,IntAct
DNJC7_HUMAN,Q99615,P25685,IntAct
DNJC7_HUMAN,Q99615,Q8N3V7,IntAct
DNJC7_HUMAN,Q99615,Q99759,IntAct
DNJC7_HUMAN,Q99615,O14829,IntAct
DNJC7_HUMAN,Q99615,Q6FHM2,IntAct
DNJC7_HUMAN,Q99615,B4URF7,IntAct
DNJC7_HUMAN,Q99615,Q2KHM9,IntAct
DNJC7_HUMAN,Q99615,Q8ND04,IntAct
DNJC7_HUMAN,Q99615,C5E524,IntAct
DNJC7_HUMAN,Q99615,A2AM67,IntAct
DNJC7_HUMAN,Q99615,P0DTD1,IntAct
DNJC7_HUMAN,Q99615,Q16543,IntAct
DNJC7_HUMAN,Q99615,Q14674,IntAct
DNJC7_HUMAN,Q99615,I6T1Z2,IntAct
DNJC7_HUMAN,Q99615,Q96QS6,IntAct
DNJC7_HUMAN,Q99615,P31948,IntAct
DNJC7_HUMAN,Q99615,Q1K9H5,IntAct
DNJC7_HUMAN,Q99615,Q9HAD4,IntAct
DNJC7_HUMAN,Q99615,Q8N3C0,IntAct
DNJC7_HUMAN,Q99615,P51530,IntAct
DNJC7_HUMAN,Q99615,Q4ZG55,IntAct
DNJC7_HUMAN,Q99615,Q92834,IntAct
DNJC7_HUMAN,Q99615,Q13618,IntAct
DNJC7_HUMAN,Q99615,C9J2Y9,IntAct
DNJC7_HUMAN,Q99615,Q9UFC0,IntAct
DNJC7_HUMAN,Q99615,P12504,IntAct
DNJC7_HUMAN,Q99615,Q05BV3,IntAct
DNJC7_HUMAN,Q99615,Q9Y6H6,IntAct
DNJC7_HUMAN,Q99615,P0DOF2,IntAct
DNJC7_HUMAN,Q99615,Q14677,IntAct
DNJC7_HUMAN,Q99615,Q15269,IntAct
DNJC7_HUMAN,Q99615,Q8WYR4,IntAct
DNJC7_HUMAN,Q99615,Q5EP37,IntAct
DNJC7_HUMAN,Q99615,Q96Q89,IntAct
DNJC7_HUMAN,Q99615,Q14558,IntAct
DNJC7_HUMAN,Q99615,Q96JN0,IntAct
DNJC7_HUMAN,Q99615,P60842,IntAct
DNJC7_HUMAN,Q99615,Q6ZN17,IntAct
DNJC7_HUMAN,Q99615,O14939,IntAct
DNJC7_HUMAN,Q99615,P63092,IntAct
DNJC7_HUMAN,Q99615,P19320,IntAct
DNJC7_HUMAN,Q99615,Q96NL6,IntAct
DNJC7_HUMAN,Q99615,O14775,IntAct
DNJC7_HUMAN,Q99615,Q96JI7,IntAct
DNJC7_HUMAN,Q99615,Q99942,IntAct
DNJC7_HUMAN,Q99615,Q9Y2X0,IntAct
DNJC7_HUMAN,Q99615,P51617,IntAct
DNJC7_HUMAN,Q99615,Q9BUB5,IntAct
DNJC7_HUMAN,Q99615,Q7Z695,IntAct
DNJC7_HUMAN,Q99615,P22455,IntAct
DNJC7_HUMAN,Q99615,Q7Z6Z6,IntAct
DNJC8_HUMAN,O75937,Q8WV74,IntAct
DNJC8_HUMAN,O75937,O75509,IntAct
DNJC8_HUMAN,O75937,P01241,IntAct
DNJC8_HUMAN,O75937,Q8N954,IntAct
DNJC8_HUMAN,O75937,Q9BWU0,IntAct
DNJC8_HUMAN,O75937,P47813,IntAct
DNJC8_HUMAN,O75937,Q9Y6K9,IntAct
DNJC8_HUMAN,O75937,Q9BYJ9,IntAct
DNJC8_HUMAN,O75937,P17096,IntAct
DNJC8_HUMAN,O75937,Q96SB4,IntAct
DNJC8_HUMAN,O75937,Q12931,IntAct
DNJC8_HUMAN,O75937,P62834,IntAct
DNJC8_HUMAN,O75937,O75116,IntAct
DNJC8_HUMAN,O75937,P61088,IntAct
DNJC8_HUMAN,O75937,O43542,IntAct
DNJC8_HUMAN,O75937,Q00765,IntAct
DNJC8_HUMAN,O75937,Q10713,IntAct
DNJC8_HUMAN,O75937,Q96K17,IntAct
DNJC8_HUMAN,O75937,E9PUA5,IntAct
DNJC8_HUMAN,O75937,P08579,IntAct
DNJC8_HUMAN,O75937,Q96S52,IntAct
DNJC8_HUMAN,O75937,P10636,IntAct
DNJC8_HUMAN,O75937,Q9UQ80,IntAct
DNJC8_HUMAN,O75937,Q9H2G2,IntAct
DNJC8_HUMAN,O75937,P08758,IntAct
DNJC8_HUMAN,O75937,P68431,IntAct
DNJC8_HUMAN,O75937,P63098,IntAct
DNJC8_HUMAN,O75937,Q16513,IntAct
DNJC8_HUMAN,O75937,P03372,IntAct
DNJC8_HUMAN,O75937,Q9CQ10,IntAct
DNJC8_HUMAN,O75937,Q96FW1,IntAct
DNJC8_HUMAN,O75937,Q15459,IntAct
DNJC8_HUMAN,O75937,Q96PZ0,IntAct
DNJC8_HUMAN,O75937,P18146,IntAct
DNJC8_HUMAN,O75937,P78362,IntAct
DNJC8_HUMAN,O75937,Q8N137,IntAct
DNJC8_HUMAN,O75937,P83105,IntAct
DNJC8_HUMAN,O75937,P99026,IntAct
DNJC8_HUMAN,O75937,P02545,IntAct
DNJC8_HUMAN,O75937,Q96F63,IntAct
DNJC8_HUMAN,O75937,O75533,IntAct
DNJC8_HUMAN,O75937,Q7KZF4,IntAct
DNJC8_HUMAN,O75937,P35222,IntAct
DNJC8_HUMAN,O75937,Q8R1Q8,IntAct
DNJC8_HUMAN,O75937,Q8N4V1,IntAct
DNJC8_HUMAN,O75937,P06748,IntAct
DNJC8_HUMAN,O75937,Q15006,IntAct
DNJC8_HUMAN,O75937,O75439,IntAct
DNJC8_HUMAN,O75937,Q15637,IntAct
DNJC8_HUMAN,O75937,P52272,IntAct
DNJC8_HUMAN,O75937,Q8K4Z5,IntAct
DNJC8_HUMAN,O75937,P09450,IntAct
DNJC9_HUMAN,Q8WXX5,Q9ULA0,IntAct
DNJC9_HUMAN,Q8WXX5,Q6NXT2,IntAct
DNJC9_HUMAN,Q8WXX5,P22607,IntAct
DNJC9_HUMAN,Q8WXX5,P11802,IntAct
DNJC9_HUMAN,Q8WXX5,Q14684,IntAct
DNJC9_HUMAN,Q8WXX5,P69479,IntAct
DNJC9_HUMAN,Q8WXX5,Q96SB4,IntAct
DNJC9_HUMAN,Q8WXX5,Q12866,IntAct
DNJC9_HUMAN,Q8WXX5,Q02763,IntAct
DNJC9_HUMAN,Q8WXX5,Q8WUA2,IntAct
DNJC9_HUMAN,Q8WXX5,P35226,IntAct
DNJC9_HUMAN,Q8WXX5,Q16832,IntAct
DNJC9_HUMAN,Q8WXX5,Q77NN7,IntAct
DNJC9_HUMAN,Q8WXX5,O95429,IntAct
DNJC9_HUMAN,Q8WXX5,P17948,IntAct
DNJC9_HUMAN,Q8WXX5,Q8IWU2,IntAct
DNJC9_HUMAN,Q8WXX5,Q13618,IntAct
DNJC9_HUMAN,Q8WXX5,Q8NDC4,IntAct
DNJC9_HUMAN,Q8WXX5,P68431,IntAct
DNJC9_HUMAN,Q8WXX5,Q4G0J3,IntAct
DNJC9_HUMAN,Q8WXX5,O14862,IntAct
DNJC9_HUMAN,Q8WXX5,P36888,IntAct
DNJC9_HUMAN,Q8WXX5,P03372,IntAct
DNJC9_HUMAN,Q8WXX5,P84243,IntAct
DNJC9_HUMAN,Q8WXX5,F8VQC1,IntAct
DNJC9_HUMAN,Q8WXX5,Q96BE0,IntAct
DNJC9_HUMAN,Q8WXX5,Q8IVT5,IntAct
DNJC9_HUMAN,Q8WXX5,P21796,IntAct
DNJC9_HUMAN,Q8WXX5,P67809,IntAct
DNJC9_HUMAN,Q8WXX5,Q96GG9,IntAct
DNJC9_HUMAN,Q8WXX5,Q8IY92,IntAct
DNJC9_HUMAN,Q8WXX5,A0A142I5B9,IntAct
DNJC9_HUMAN,Q8WXX5,Q96M96,IntAct
DNJC9_HUMAN,Q8WXX5,P08922,IntAct
DNJC9_HUMAN,Q8WXX5,Q9Y496,IntAct
DNJC9_HUMAN,Q8WXX5,Q6YN16,IntAct
DNJC9_HUMAN,Q8WXX5,Q92905,IntAct
DNJC9_HUMAN,Q8WXX5,Q9Y2H1,IntAct
DNJC9_HUMAN,Q8WXX5,Q5S007,IntAct
DNJC9_HUMAN,Q8WXX5,Q13426,IntAct
DNJC9_HUMAN,Q8WXX5,P33151,IntAct
DNJC9_HUMAN,Q8WXX5,Q86VP6,IntAct
DNJC9_HUMAN,Q8WXX5,P30530,IntAct
DNJC9_HUMAN,Q8WXX5,Q16629,IntAct
DNJC9_HUMAN,Q8WXX5,P35916,IntAct
DNJC9_HUMAN,Q8WXX5,Q6K0P9,IntAct
DNJC9_HUMAN,Q8WXX5,Q16666,IntAct
DNJC9_HUMAN,Q8WXX5,J3KPF9,IntAct
DNJC9_HUMAN,Q8WXX5,Q13616,IntAct
SACS_HUMAN,Q9NZJ4,P01106,IntAct
SACS_HUMAN,Q9NZJ4,P69479,IntAct
SACS_HUMAN,Q9NZJ4,Q9NRI5,IntAct
SACS_HUMAN,Q9NZJ4,P09758,IntAct
SACS_HUMAN,Q9NZJ4,O43707,IntAct
SACS_HUMAN,Q9NZJ4,O60469,IntAct
SACS_HUMAN,Q9NZJ4,Q9QY36,IntAct
SACS_HUMAN,Q9NZJ4,P00441,IntAct
SACS_HUMAN,Q9NZJ4,O95396,IntAct
SACS_HUMAN,Q9NZJ4,Q9Y3Q8,IntAct
SACS_HUMAN,Q9NZJ4,P98172,IntAct
SACS_HUMAN,Q9NZJ4,Q6UWR7,IntAct
SACS_HUMAN,Q9NZJ4,Q9NRD5,IntAct
SACS_HUMAN,Q9NZJ4,P53350,IntAct
SACS_HUMAN,Q9NZJ4,Q14134,IntAct
SACS_HUMAN,Q9NZJ4,Q13304,IntAct
SACS_HUMAN,Q9NZJ4,O15460,IntAct
SACS_HUMAN,Q9NZJ4,Q13151,IntAct
SACS_HUMAN,Q9NZJ4,P02768,IntAct
SACS_HUMAN,Q9NZJ4,Q9Y6I4,IntAct
SACS_HUMAN,Q9NZJ4,Q9UK00,IntAct
SACS_HUMAN,Q9NZJ4,Q96A44,IntAct
SACS_HUMAN,Q9NZJ4,Q9H3D4,IntAct
SACS_HUMAN,Q9NZJ4,Q9P1U0,IntAct
